features,min,max,mean,median,min0,max0,mean0,median0,min1,max1,mean1,median1
ACTIVE_AMT_CREDIT_SUM_DEBT_SUM,-6978830.49,334498331.21,621384.1449247658,276048.0,-6978830.49,334498331.21,620715.7077114565,276048.0,-387310.5,35108518.5,628995.6320680765,276048.0
ACTIVE_AMT_CREDIT_SUM_LIMIT_SUM,-579854.12,8126600.49,17427.312679451195,0.0,-579854.12,8126600.49,17726.342895868853,0.0,-391566.64,1799999.82,14022.258917623365,0.0
ACTIVE_AMT_CREDIT_SUM_MAX,0.0,170100000.0,797344.6693401448,450000.0,0.0,170100000.0,804701.9666102193,450000.0,0.0,35190000.0,713567.206826586,450000.0
ACTIVE_AMT_CREDIT_SUM_MEAN,0.0,90034675.5,478983.32628262124,274500.0,0.0,90034675.5,485706.8497377972,274500.0,0.0,35190000.0,402422.63917865057,274500.0
ACTIVE_AMT_CREDIT_SUM_OVERDUE_MEAN,0.0,3681063.0,73.40916301092334,0.0,0.0,3681063.0,59.69644699697893,0.0,0.0,795744.0,229.55570835850958,0.0
ACTIVE_AMT_CREDIT_SUM_SUM,0.0,334739700.0,1116311.8441840347,647914.5,0.0,334739700.0,1120498.4949018685,647914.5,0.0,35190000.0,1068638.4988378652,647914.5
ACTIVE_CNT_CREDIT_PROLONG_SUM,0.0,9.0,0.021820641481332132,0.0,0.0,9.0,0.021458741624864688,0.0,0.0,5.0,0.02594159113796576,0.0
ACTIVE_CREDIT_DAY_OVERDUE_MAX,0.0,2770.0,3.3264868767215057,0.0,0.0,2770.0,3.2520429316334254,0.0,0.0,2586.0,4.174179254783485,0.0
ACTIVE_CREDIT_DAY_OVERDUE_MEAN,0.0,2770.0,1.4499512206226202,0.0,0.0,2770.0,1.4220322836261239,0.0,0.0,2335.0,1.7678638469284995,0.0
ACTIVE_DAYS_CREDIT_MAX,-2922.0,0.0,-370.2335881784805,-258.0,-2922.0,0.0,-376.10056529952385,-258.0,-2922.0,-1.0,-303.4263846928499,-258.0
ACTIVE_DAYS_CREDIT_MEAN,-2922.0,0.0,-617.4453145456852,-537.31,-2922.0,0.0,-624.0392237921053,-537.31,-2922.0,-3.0,-542.360543001007,-537.31
ACTIVE_DAYS_CREDIT_MIN,-2922.0,0.0,-887.0195865459973,-764.0,-2922.0,0.0,-893.4597250620839,-764.0,-2922.0,-3.0,-813.6858006042296,-764.0
ACTIVE_DAYS_CREDIT_UPDATE_MEAN,-41919.0,372.0,-102.16642258550213,-30.0,-41856.0,372.0,-103.78896166009861,-30.0,-41919.0,0.0,-83.69058811681772,-30.0
ACTIVE_MONTHS_BALANCE_SIZE_SUM,0.0,770.0,11.420078242121317,0.0,0.0,770.0,11.400428750327222,0.0,0.0,424.0,11.643826787512587,0.0
AMT_ANNUITY,1615.5,258025.5,27108.580713609772,24903.0,1615.5,258025.5,27163.62919287397,24876.0,2722.5,149211.0,26481.744290030212,25263.0
AMT_CREDIT,45000.0,4050000.0,599028.5967327573,513531.0,45000.0,4050000.0,602651.1583546175,517788.0,45000.0,4027680.0,557778.527673716,497520.0
AMT_GOODS_PRICE,40500.0,4050000.0,538317.8090157297,450000.0,40500.0,4050000.0,542654.1936734564,450000.0,45000.0,3600000.0,488939.4449546828,450000.0
AMT_INCOME_TOTAL,25650.0,117000000.0,168797.6857793156,147150.0,25650.0,18000090.0,169077.4721999986,148500.0,25650.0,117000000.0,165611.76090634443,135000.0
AMT_REQ_CREDIT_BUREAU_DAY,0.0,9.0,0.006055146712107367,0.0,0.0,9.0,0.006003212089910217,0.0,0.0,4.0,0.006646525679758308,0.0
AMT_REQ_CREDIT_BUREAU_HOUR,0.0,4.0,0.005538085311879079,0.0,0.0,4.0,0.005539793831938361,0.0,0.0,2.0,0.005518630412890232,0.0
AMT_REQ_CREDIT_BUREAU_MON,0.0,27.0,0.2312857918681526,0.0,0.0,27.0,0.23504149539058022,0.0,0.0,17.0,0.18851963746223566,0.0
AMT_REQ_CREDIT_BUREAU_QRT,0.0,261.0,0.22963054499572366,0.0,0.0,261.0,0.23091671914023532,0.0,0.0,19.0,0.21498489425981873,0.0
AMT_REQ_CREDIT_BUREAU_WEEK,0.0,8.0,0.029722900616896527,0.0,0.0,8.0,0.029796732724404102,0.0,0.0,6.0,0.028882175226586104,0.0
AMT_REQ_CREDIT_BUREAU_YEAR,0.0,25.0,1.778440815981425,1.0,0.0,25.0,1.7720760430448348,1.0,0.0,22.0,1.8509164149043302,1.0
ANNUITY_INCOME_PERC,0.0,1.88,0.1809478808612487,0.16,0.0,1.57,0.1805468335444068,0.16,0.0,1.88,0.18551460221550856,0.17
APPROVED_AMT_ANNUITY_MAX,0.0,393868.66,21323.969977073695,16143.57,0.0,393868.66,21536.140387750194,16143.57,876.06,210938.8,18907.98786102719,14816.38
APPROVED_AMT_ANNUITY_MEAN,0.0,300425.44,13780.960397682004,11373.76,0.0,300425.44,13901.16594162345,11373.76,876.06,105430.12,12412.181200402818,10670.18
APPROVED_AMT_ANNUITY_MIN,0.0,300425.44,8128.428174155386,5998.68,0.0,300425.44,8184.043105291457,5998.68,0.0,100931.76,7495.141569385701,5832.86
APPROVED_AMT_APPLICATION_MAX,0.0,5850000.0,302926.91715281265,169186.5,0.0,5850000.0,305782.8806538089,169186.5,0.0,3982500.0,270406.0924040282,157455.0
APPROVED_AMT_APPLICATION_MEAN,0.0,4050000.0,162888.07661802822,113226.75,0.0,4050000.0,164237.4855111397,113226.75,0.0,3150000.0,147522.37250030212,108128.25
APPROVED_AMT_APPLICATION_MIN,0.0,4050000.0,73371.85768304464,45000.0,0.0,4050000.0,73849.26433476487,45000.0,0.0,3150000.0,67935.6334283988,45000.0
APPROVED_AMT_CREDIT_MAX,0.0,4509688.5,334292.6664129922,182214.0,0.0,4509688.5,337048.9912874537,182214.0,7411.5,3150000.0,302906.4256008056,178308.0
APPROVED_AMT_CREDIT_MEAN,0.0,4050000.0,179953.53043748598,125565.0,0.0,4050000.0,181167.621543678,125565.0,7411.5,3150000.0,166128.68846042294,121903.0
APPROVED_AMT_CREDIT_MIN,0.0,4050000.0,81463.15452919771,47970.0,0.0,4050000.0,81849.59636276808,47970.0,0.0,3150000.0,77062.74565115811,47367.0
APPROVED_AMT_DOWN_PAYMENT_MAX,0.0,3060045.0,10428.547501650368,5526.0,0.0,3060045.0,10623.289351497438,5526.0,0.0,2135700.0,8211.02421470292,5130.0
APPROVED_AMT_DOWN_PAYMENT_MEAN,-0.22,2025000.0,6800.87643458523,3505.5,-0.22,2025000.0,6917.506030769558,3505.5,0.0,1044000.0,5472.816514803625,3505.5
APPROVED_AMT_DOWN_PAYMENT_MIN,-0.9,2025000.0,3916.9052555876765,0.0,-0.9,2025000.0,3981.3275510998233,0.0,0.0,1044000.0,3183.329290231621,0.0
APPROVED_AMT_GOODS_PRICE_MAX,0.0,5850000.0,303557.2242141153,170716.5,0.0,5850000.0,306422.9127906269,170716.5,7605.0,3982500.0,270925.6601381672,157500.0
APPROVED_AMT_GOODS_PRICE_MEAN,0.0,4050000.0,169745.23891602468,117552.94,0.0,4050000.0,171135.43542701687,117552.94,7605.0,3150000.0,153915.08664531723,112485.0
APPROVED_AMT_GOODS_PRICE_MIN,0.0,4050000.0,82382.54650518524,49495.5,0.0,4050000.0,82930.61798239719,49495.5,0.0,3150000.0,76141.66266545822,47421.0
APPROVED_APP_CREDIT_PERC_MAX,0.0,20.0,1.0978194642723578,1.03,0.0,20.0,1.1006072194197007,1.03,0.0,18.0,1.0660753272910375,1.02
APPROVED_APP_CREDIT_PERC_MEAN,0.0,6.74,0.9734757907950065,0.98,0.0,6.37,0.9749418074019568,0.98,0.0,6.74,0.9567822759315208,0.96
APPROVED_APP_CREDIT_PERC_MIN,0.0,5.0,0.8214662755644586,0.9,0.0,5.0,0.8217603879978209,0.9,0.0,3.33,0.8181172205438068,0.9
APPROVED_CNT_PAYMENT_MEAN,0.0,72.0,13.502447423961083,12.0,0.0,72.0,13.47420751940343,12.0,0.0,60.0,13.824014904330312,12.0
APPROVED_CNT_PAYMENT_SUM,0.0,528.0,42.47724767241071,30.0,0.0,528.0,42.55944135105879,30.0,0.0,450.0,41.54130916414904,29.0
APPROVED_DAYS_DECISION_MAX,-2922.0,-1.0,-593.4717063351403,-434.0,-2922.0,-1.0,-594.0080089995118,-434.0,-2922.0,-2.0,-587.364833836858,-434.0
APPROVED_DAYS_DECISION_MEAN,-2922.0,-2.0,-1026.6374195709368,-940.5,-2922.0,-2.0,-1032.985745042132,-940.5,-2922.0,-4.0,-954.34910775428,-864.0
APPROVED_DAYS_DECISION_MIN,-2922.0,-2.0,-1528.2613664079192,-1490.0,-2922.0,-2.0,-1541.2048980833588,-1490.0,-2922.0,-4.0,-1380.8735146022154,-1272.0
APPROVED_HOUR_APPR_PROCESS_START_MAX,0.0,23.0,14.4169140865086,15.0,0.0,23.0,14.457195718156798,15.0,3.0,23.0,13.958227593152065,14.0
APPROVED_HOUR_APPR_PROCESS_START_MEAN,0.0,23.0,12.757804635341634,13.0,0.0,23.0,12.785572056232798,13.0,2.5,22.0,12.44161732124874,12.67
APPROVED_HOUR_APPR_PROCESS_START_MIN,0.0,23.0,11.169020542621794,11.0,0.0,23.0,11.18450414246397,11.0,0.0,22.0,10.992708962739174,11.0
APPROVED_RATE_DOWN_PAYMENT_MAX,0.0,1.0,0.1224270016617508,0.1,0.0,1.0,0.1238236958844214,0.1,0.0,0.88,0.106522860020141,0.1
APPROVED_RATE_DOWN_PAYMENT_MEAN,0.0,0.99,0.08376892233347533,0.07,0.0,0.99,0.08449115967765898,0.07,0.0,0.84,0.07554481369587111,0.07
APPROVED_RATE_DOWN_PAYMENT_MIN,0.0,0.99,0.047451407610233275,0.0,0.0,0.99,0.047692884584090975,0.0,0.0,0.84,0.04470171198388721,0.0
BURO_AMT_CREDIT_SUM_DEBT_MAX,-25959.64,170100000.0,459442.46572861745,149455.04,-25959.64,170100000.0,461207.3618452536,149455.04,-292.36,35108518.5,439345.61319919437,149455.04
BURO_AMT_CREDIT_SUM_DEBT_MEAN,-1083614.67,43650000.0,140977.8526706709,44208.04,-1083614.67,43650000.0,141389.3063665532,44208.04,-35210.05,35108518.5,136292.6339935549,44208.04
BURO_AMT_CREDIT_SUM_DEBT_SUM,-6981558.21,334498331.21,573128.1794224846,169015.5,-6981558.21,334498331.21,571728.8341157554,169015.5,-387310.5,35108518.5,589062.5089289023,169015.5
BURO_AMT_CREDIT_SUM_LIMIT_MEAN,-97891.66,4500000.0,4652.790155508655,0.0,-82836.3,4500000.0,4750.420322022625,0.0,-97891.66,580187.66,3541.0765309164153,0.0
BURO_AMT_CREDIT_SUM_LIMIT_SUM,-579854.12,8129328.21,20190.641237792952,0.0,-579854.12,8129328.21,20500.739692587435,0.0,-391566.64,2704546.44,16659.55356817724,0.0
BURO_AMT_CREDIT_SUM_MAX,0.0,396000000.0,900707.2780526297,450000.0,0.0,396000000.0,912645.1444164824,450000.0,0.0,35190000.0,764770.9260096676,450000.0
BURO_AMT_CREDIT_SUM_MEAN,0.0,198072344.25,351944.96549785853,195505.93,0.0,198072344.25,356958.14470429684,195505.93,0.0,35190000.0,294859.949407855,195505.93
BURO_AMT_CREDIT_SUM_OVERDUE_MEAN,0.0,1617403.5,42.452694247610616,0.0,0.0,1617403.5,33.19162967574872,0.0,0.0,596808.0,147.90833393756293,0.0
BURO_AMT_CREDIT_SUM_SUM,0.0,1017957917.38,1813483.626924493,961650.0,0.0,1017957917.38,1831012.9904172888,961650.0,0.0,60760404.0,1613876.9590143,961650.0
BURO_CNT_CREDIT_PROLONG_SUM,0.0,9.0,0.03468213731719928,0.0,0.0,9.0,0.03456180443042005,0.0,0.0,6.0,0.03605236656596173,0.0
BURO_CREDIT_ACTIVE_OHE_Active_MEAN,0.0,1.0,0.3537695076860038,0.33,0.0,1.0,0.3491464967702223,0.33,0.0,1.0,0.40641168177240683,0.4
BURO_CREDIT_ACTIVE_OHE_Baddebt_MEAN,0.0,0.5,1.0243669249805698e-05,0.0,0.0,0.33,8.383979170941202e-06,0.0,0.0,0.5,3.141993957703928e-05,0.0
BURO_CREDIT_ACTIVE_OHE_Closed_MEAN,0.0,1.0,0.49972189250976395,0.52,0.0,1.0,0.5076881442751927,0.56,0.0,1.0,0.4090102719033233,0.45
BURO_CREDIT_ACTIVE_OHE_Sold_MEAN,0.0,1.0,0.0033354687860764156,0.0,0.0,1.0,0.003190121762262896,0.0,0.0,1.0,0.004990533736153072,0.0
BURO_CREDIT_ACTIVE_OHE_nan_MEAN,0.0,0.0,0.0,0.0,0.0,0.0,0.0,0.0,0.0,0.0,0.0,0.0
BURO_CREDIT_CURRENCY_OHE_currency1_MEAN,0.0,1.0,0.8561515672813952,1.0,0.0,1.0,0.8593172540168812,1.0,0.0,1.0,0.8201039274924471,1.0
BURO_CREDIT_CURRENCY_OHE_currency2_MEAN,0.0,1.0,0.000628148302315069,0.0,0.0,1.0,0.0006599995754947255,0.0,0.0,1.0,0.00026545820745216514,0.0
BURO_CREDIT_CURRENCY_OHE_currency3_MEAN,0.0,1.0,6.299043599007501e-05,0.0,0.0,0.5,6.0279748975881034e-05,0.0,0.0,1.0,9.385699899295066e-05,0.0
BURO_CREDIT_CURRENCY_OHE_currency4_MEAN,0.0,0.5,5.918564455443292e-06,0.0,0.0,0.5,6.438329996250204e-06,0.0,0.0,0.0,0.0,0.0
BURO_CREDIT_CURRENCY_OHE_nan_MEAN,0.0,0.0,0.0,0.0,0.0,0.0,0.0,0.0,0.0,0.0,0.0,0.0
BURO_CREDIT_DAY_OVERDUE_MAX,0.0,2792.0,4.089539425118778,0.0,0.0,2792.0,3.9829065876143512,0.0,0.0,2776.0,5.303766364551863,0.0
BURO_CREDIT_DAY_OVERDUE_MEAN,0.0,2776.0,0.8875868191618403,0.0,0.0,2770.0,0.838705011284765,0.0,0.0,2776.0,1.4442034239677743,0.0
BURO_CREDIT_TYPE_OHE_Anothertypeofloan_MEAN,0.0,1.0,0.0006242459521246675,0.0,0.0,1.0,0.0006344585081469637,0.0,0.0,1.0,0.0005079556898288016,0.0
BURO_CREDIT_TYPE_OHE_Carloan_MEAN,0.0,1.0,0.01698969454353885,0.0,0.0,1.0,0.017525912509462935,0.0,0.0,1.0,0.010883786505538772,0.0
BURO_CREDIT_TYPE_OHE_Cashloannonearmarked_MEAN,0.0,0.4,9.625797136325352e-06,0.0,0.0,0.4,1.0046624829313505e-05,0.0,0.0,0.12,4.833836858006042e-06,0.0
BURO_CREDIT_TYPE_OHE_Consumercredit_MEAN,0.0,1.0,0.6167064814784704,0.71,0.0,1.0,0.620818198541117,0.71,0.0,1.0,0.5698864048338368,0.67
BURO_CREDIT_TYPE_OHE_Creditcard_MEAN,0.0,1.0,0.2051350375763804,0.14,0.0,1.0,0.20367957634373607,0.14,0.0,1.0,0.22170835850956697,0.15
BURO_CREDIT_TYPE_OHE_Interbankcredit_MEAN,0.0,0.17,5.528329436403075e-07,0.0,0.0,0.17,6.013824721772169e-07,0.0,0.0,0.0,0.0,0.0
BURO_CREDIT_TYPE_OHE_Loanforbusinessdevelopment_MEAN,0.0,1.0,0.0010445941068008208,0.0,0.0,1.0,0.001063562589765178,0.0,0.0,1.0,0.0008286002014098691,0.0
BURO_CREDIT_TYPE_OHE_Loanforpurchaseofsharesmarginlending_MEAN,0.0,0.5,3.739752265802079e-06,0.0,0.0,0.5,4.068175547081172e-06,0.0,0.0,0.0,0.0,0.0
BURO_CREDIT_TYPE_OHE_Loanforthepurchaseofequipment_MEAN,0.0,1.0,1.206476600532671e-05,0.0,0.0,1.0,1.1886147685384991e-05,0.0,0.0,0.25,1.4098690835850956e-05,0.0
BURO_CREDIT_TYPE_OHE_Loanforworkingcapitalreplenishment_MEAN,0.0,1.0,0.00019593049914310896,0.0,0.0,1.0,0.00019314989988750616,0.0,0.0,0.33,0.00022759315206445117,0.0
BURO_CREDIT_TYPE_OHE_Microloan_MEAN,0.0,1.0,0.003601446471137242,0.0,0.0,1.0,0.003104124068741554,0.0,0.0,1.0,0.009264451158106748,0.0
BURO_CREDIT_TYPE_OHE_Mobileoperatorloan_MEAN,0.0,0.06,1.951175095201085e-07,0.0,0.0,0.06,2.1225263723901768e-07,0.0,0.0,0.0,0.0,0.0
BURO_CREDIT_TYPE_OHE_Mortgage_MEAN,0.0,1.0,0.012164763728955766,0.0,0.0,1.0,0.012629385670116953,0.0,0.0,1.0,0.006874118831822759,0.0
BURO_CREDIT_TYPE_OHE_Realestateloan_MEAN,0.0,1.0,1.5251685327488485e-05,0.0,0.0,1.0,1.659108114418322e-05,0.0,0.0,0.0,0.0,0.0
BURO_CREDIT_TYPE_OHE_Unknowntypeofloan_MEAN,0.0,1.0,0.00024136035927637415,0.0,0.0,1.0,0.00024791108029517266,0.0,0.0,0.5,0.00016676737160120847,0.0
BURO_CREDIT_TYPE_OHE_nan_MEAN,0.0,0.0,0.0,0.0,0.0,0.0,0.0,0.0,0.0,0.0,0.0,0.0
BURO_DAYS_CREDIT_ENDDATE_MAX,-41875.0,31199.0,3902.8402150194956,909.0,-41875.0,31199.0,3830.456428071119,909.0,-2765.0,31198.0,4727.073595166163,909.0
BURO_DAYS_CREDIT_ENDDATE_MEAN,-41875.0,31198.0,533.3418438929845,-135.58,-41875.0,31198.0,498.00950131242877,-135.58,-20769.0,31198.0,935.6708374622355,-135.58
BURO_DAYS_CREDIT_ENDDATE_MIN,-42060.0,31198.0,-1065.4510921702595,-1268.0,-42056.0,31198.0,-1086.9515391853745,-1268.0,-42060.0,31198.0,-820.6257401812688,-1268.0
BURO_DAYS_CREDIT_MAX,-2922.0,0.0,-462.2042164893807,-300.0,-2922.0,0.0,-469.4714166448518,-300.0,-2922.0,-1.0,-379.45268882175225,-299.0
BURO_DAYS_CREDIT_MEAN,-2922.0,0.0,-1078.4003707883073,-1050.57,-2922.0,0.0,-1091.0872865622857,-1050.57,-2922.0,-4.0,-933.9346014098691,-1006.33
BURO_DAYS_CREDIT_MIN,-2922.0,0.0,-1771.6241744090378,-1827.0,-2922.0,0.0,-1787.599394372475,-1827.0,-2922.0,-4.0,-1589.714521651561,-1827.0
BURO_DAYS_CREDIT_UPDATE_MEAN,-41890.0,14.0,-537.3578510407893,-481.83,-41890.0,14.0,-545.3507305028265,-481.83,-20939.0,0.0,-446.34302114803626,-468.33
BURO_DAYS_CREDIT_VAR,0.0,4173160.5,463062.42348031094,385106.57,0.0,4173160.5,467296.3197911434,385106.57,0.0,4150080.5,414851.0930900302,385106.57
BURO_MONTHS_BALANCE_SIZE_SUM,0.0,2657.0,47.80903198951569,0.0,0.0,2657.0,48.39830976149879,0.0,0.0,1429.0,41.098932527693854,0.0
BURO_STATUS_OHE_0_MEAN_MEAN,0.0,1.0,0.137103480571174,0.0,0.0,1.0,0.13598718701579865,0.0,0.0,1.0,0.1498147029204431,0.0
BURO_STATUS_OHE_1_MEAN_MEAN,0.0,0.83,0.00424383835164728,0.0,0.0,0.83,0.004012176226289612,0.0,0.0,0.83,0.006881772406847936,0.0
BURO_STATUS_OHE_2_MEAN_MEAN,0.0,0.24,0.00029878994624512613,0.0,0.0,0.24,0.0002870716918657714,0.0,0.0,0.17,0.0004322255790533736,0.0
BURO_STATUS_OHE_3_MEAN_MEAN,0.0,0.4,0.00011082674540742163,0.0,0.0,0.4,0.00010467592559837554,0.0,0.0,0.11,0.0001808660624370594,0.0
BURO_STATUS_OHE_4_MEAN_MEAN,0.0,0.17,7.307150731528062e-05,0.0,0.0,0.17,6.898210710268078e-05,0.0,0.0,0.11,0.00011963746223564954,0.0
BURO_STATUS_OHE_5_MEAN_MEAN,0.0,1.0,0.0006683750288611316,0.0,0.0,0.91,0.0006236336236477739,0.0,0.0,1.0,0.0011778449144008057,0.0
BURO_STATUS_OHE_C_MEAN_MEAN,0.0,1.0,0.09905101347286403,0.0,0.0,1.0,0.10028951259719401,0.0,0.0,1.0,0.08494823766364551,0.0
BURO_STATUS_OHE_X_MEAN_MEAN,0.0,1.0,0.05834111093406003,0.0,0.0,1.0,0.05828881923857906,0.0,0.0,1.0,0.05893655589123867,0.0
BURO_STATUS_OHE_nan_MEAN_MEAN,0.0,0.0,0.0,0.0,0.0,0.0,0.0,0.0,0.0,0.0,0.0,0.0
CC_NAME_CONTRACT_STATUS_OHE_Active_MAX,0.0,1.0,0.282393571528453,0.0,0.0,1.0,0.28055907344648756,0.0,0.0,1.0,0.3032829808660624,0.0
CC_NAME_CONTRACT_STATUS_OHE_Active_MEAN,0.0,1.0,0.27328220170597733,0.0,0.0,1.0,0.2713277109968091,0.0,0.0,1.0,0.2955379657603223,0.0
CC_NAME_CONTRACT_STATUS_OHE_Active_MIN,0.0,1.0,0.23484993837538656,0.0,0.0,1.0,0.23246262584812616,0.0,0.0,1.0,0.2620342396777442,0.0
CC_NAME_CONTRACT_STATUS_OHE_Active_SUM,0.0,178.0,10.135291229142751,0.0,0.0,178.0,10.237443487735336,0.0,0.0,96.0,8.972084592145015,0.0
CC_NAME_CONTRACT_STATUS_OHE_Active_VAR,0.0,0.5,0.0062597599404241215,0.0,0.0,0.5,0.0063252347160413485,0.0,0.0,0.5,0.005514199395770393,0.0
CC_NAME_CONTRACT_STATUS_OHE_Approved_MAX,0.0,1.0,1.625979246000904e-05,0.0,0.0,1.0,1.768771976991814e-05,0.0,0.0,0.0,0.0,0.0
CC_NAME_CONTRACT_STATUS_OHE_Approved_MEAN,0.0,0.01,1.6259792460009042e-07,0.0,0.0,0.01,1.7687719769918142e-07,0.0,0.0,0.0,0.0,0.0
CC_NAME_CONTRACT_STATUS_OHE_Approved_MIN,0.0,0.0,0.0,0.0,0.0,0.0,0.0,0.0,0.0,0.0,0.0,0.0
CC_NAME_CONTRACT_STATUS_OHE_Approved_SUM,0.0,1.0,1.625979246000904e-05,0.0,0.0,1.0,1.768771976991814e-05,0.0,0.0,0.0,0.0,0.0
CC_NAME_CONTRACT_STATUS_OHE_Approved_VAR,0.0,0.01,1.6259792460009042e-07,0.0,0.0,0.01,1.7687719769918142e-07,0.0,0.0,0.0,0.0,0.0
CC_NAME_CONTRACT_STATUS_OHE_Completed_MAX,0.0,1.0,0.03449677568315518,0.0,0.0,1.0,0.034950934265358245,0.0,0.0,1.0,0.02932527693856999,0.0
CC_NAME_CONTRACT_STATUS_OHE_Completed_MEAN,0.0,1.0,0.00823955227035482,0.0,0.0,1.0,0.008372482153090752,0.0,0.0,0.88,0.006725881168177242,0.0
CC_NAME_CONTRACT_STATUS_OHE_Completed_MIN,0.0,1.0,8.780287928404882e-05,0.0,0.0,1.0,9.551368675755796e-05,0.0,0.0,0.0,0.0,0.0
CC_NAME_CONTRACT_STATUS_OHE_Completed_SUM,0.0,45.0,0.3252966599134329,0.0,0.0,45.0,0.3311530270763614,0.0,0.0,36.0,0.25861027190332325,0.0
CC_NAME_CONTRACT_STATUS_OHE_Completed_VAR,0.0,0.5,0.00544933936463235,0.0,0.0,0.5,0.005519735957719274,0.0,0.0,0.5,0.00464773413897281,0.0
CC_NAME_CONTRACT_STATUS_OHE_Demand_MAX,0.0,1.0,4.877937738002712e-05,0.0,0.0,1.0,4.5988071401787166e-05,0.0,0.0,1.0,8.056394763343404e-05,0.0
CC_NAME_CONTRACT_STATUS_OHE_Demand_MEAN,0.0,0.92,2.9820459371656585e-05,0.0,0.0,0.86,2.656695509441705e-05,0.0,0.0,0.92,6.686807653575026e-05,0.0
CC_NAME_CONTRACT_STATUS_OHE_Demand_MIN,0.0,0.0,0.0,0.0,0.0,0.0,0.0,0.0,0.0,0.0,0.0,0.0
CC_NAME_CONTRACT_STATUS_OHE_Demand_SUM,0.0,87.0,0.0027414010087575243,0.0,0.0,79.0,0.002387842168938949,0.0,0.0,87.0,0.006767371601208459,0.0
CC_NAME_CONTRACT_STATUS_OHE_Demand_VAR,0.0,0.25,8.357533324444647e-06,0.0,0.0,0.25,8.100975654622509e-06,0.0,0.0,0.2,1.1278952668680767e-05,0.0
CC_NAME_CONTRACT_STATUS_OHE_Refused_MAX,0.0,1.0,4.552741888802531e-05,0.0,0.0,1.0,4.245052744780354e-05,0.0,0.0,1.0,8.056394763343404e-05,0.0
CC_NAME_CONTRACT_STATUS_OHE_Refused_MEAN,0.0,0.01,4.552741888802531e-07,0.0,0.0,0.01,4.245052744780353e-07,0.0,0.0,0.01,8.056394763343404e-07,0.0
CC_NAME_CONTRACT_STATUS_OHE_Refused_MIN,0.0,0.0,0.0,0.0,0.0,0.0,0.0,0.0,0.0,0.0,0.0,0.0
CC_NAME_CONTRACT_STATUS_OHE_Refused_SUM,0.0,1.0,4.552741888802531e-05,0.0,0.0,1.0,4.245052744780354e-05,0.0,0.0,1.0,8.056394763343404e-05,0.0
CC_NAME_CONTRACT_STATUS_OHE_Refused_VAR,0.0,0.01,4.552741888802531e-07,0.0,0.0,0.01,4.245052744780353e-07,0.0,0.0,0.01,8.056394763343404e-07,0.0
CC_NAME_CONTRACT_STATUS_OHE_Sentproposal_MAX,0.0,1.0,0.0014959009063208316,0.0,0.0,1.0,0.0015635944276607638,0.0,0.0,1.0,0.0007250755287009063,0.0
CC_NAME_CONTRACT_STATUS_OHE_Sentproposal_MEAN,0.0,0.02,1.5056567817968374e-05,0.0,0.0,0.02,1.574207059522715e-05,0.0,0.0,0.01,7.2507552870090635e-06,0.0
CC_NAME_CONTRACT_STATUS_OHE_Sentproposal_MIN,0.0,0.0,0.0,0.0,0.0,0.0,0.0,0.0,0.0,0.0,0.0,0.0
CC_NAME_CONTRACT_STATUS_OHE_Sentproposal_SUM,0.0,1.0,0.0014959009063208316,0.0,0.0,1.0,0.0015635944276607638,0.0,0.0,1.0,0.0007250755287009063,0.0
CC_NAME_CONTRACT_STATUS_OHE_Sentproposal_VAR,0.0,0.02,1.5056567817968374e-05,0.0,0.0,0.02,1.574207059522715e-05,0.0,0.0,0.01,7.2507552870090635e-06,0.0
CC_NAME_CONTRACT_STATUS_OHE_Signed_MAX,0.0,1.0,0.013954153889179758,0.0,0.0,1.0,0.014029899321499069,0.0,0.0,1.0,0.013091641490433032,0.0
CC_NAME_CONTRACT_STATUS_OHE_Signed_MEAN,0.0,1.0,0.0010403340411762984,0.0,0.0,1.0,0.0010313355643443872,0.0,0.0,1.0,0.001142799597180262,0.0
CC_NAME_CONTRACT_STATUS_OHE_Signed_MIN,0.0,1.0,0.00010406267174405786,0.0,0.0,1.0,9.551368675755796e-05,0.0,0.0,1.0,0.0002014098690835851,0.0
CC_NAME_CONTRACT_STATUS_OHE_Signed_SUM,0.0,62.0,0.03232121545200597,0.0,0.0,62.0,0.032821332805060104,0.0,0.0,42.0,0.02662638469284995,0.0
CC_NAME_CONTRACT_STATUS_OHE_Signed_VAR,0.0,0.5,0.0008500619498092725,0.0,0.0,0.5,0.0008468880225836807,0.0,0.0,0.5,0.0008862034239677744,0.0
CC_NAME_CONTRACT_STATUS_OHE_nan_MAX,0.0,0.0,0.0,0.0,0.0,0.0,0.0,0.0,0.0,0.0,0.0,0.0
CC_NAME_CONTRACT_STATUS_OHE_nan_MEAN,0.0,0.0,0.0,0.0,0.0,0.0,0.0,0.0,0.0,0.0,0.0,0.0
CC_NAME_CONTRACT_STATUS_OHE_nan_MIN,0.0,0.0,0.0,0.0,0.0,0.0,0.0,0.0,0.0,0.0,0.0,0.0
CC_NAME_CONTRACT_STATUS_OHE_nan_SUM,0.0,0.0,0.0,0.0,0.0,0.0,0.0,0.0,0.0,0.0,0.0,0.0
CC_NAME_CONTRACT_STATUS_OHE_nan_VAR,0.0,0.0,0.0,0.0,0.0,0.0,0.0,0.0,0.0,0.0,0.0,0.0
CLOSED_AMT_CREDIT_SUM_DEBT_MAX,-5010.39,10564983.0,6612.208034028494,0.0,-5010.39,10564983.0,6644.376324527207,0.0,-2415.33,4764195.0,6245.9080664652565,0.0
CLOSED_AMT_CREDIT_SUM_DEBT_MEAN,-33981.16,7279290.0,1945.1093991356295,0.0,-33981.16,7279290.0,1950.7207048202572,0.0,-4022.78,1347183.0,1881.21352346425,0.0
CLOSED_AMT_CREDIT_SUM_DEBT_SUM,-456120.54,17866476.0,6982.02183638096,0.0,-456120.54,17866476.0,7017.989021020085,0.0,-24136.65,4764195.0,6572.463903323263,0.0
CLOSED_AMT_CREDIT_SUM_LIMIT_SUM,-34750.35,2250000.0,2752.2214640642324,0.0,-31435.02,2250000.0,2762.6765324640405,0.0,-34750.35,1533756.38,2633.1697160120843,0.0
CLOSED_AMT_CREDIT_SUM_MAX,0.0,396000000.0,444862.24166812457,225000.0,0.0,396000000.0,452660.9420709844,225000.0,0.0,22500000.0,356058.5265711984,225000.0
CLOSED_AMT_CREDIT_SUM_MEAN,0.0,198072344.25,224310.99004305596,125100.0,0.0,198072344.25,228099.14364749086,125100.0,0.0,14616998.1,181175.32691278952,125100.0
CLOSED_AMT_CREDIT_SUM_OVERDUE_MEAN,0.0,617070.0,2.88905660684147,0.0,0.0,617070.0,2.859374632979814,0.0,0.0,78806.25,3.2270449144008055,0.0
CLOSED_AMT_CREDIT_SUM_SUM,0.0,1017597917.38,837841.6969172084,427500.0,0.0,1017597917.38,851571.4745541987,427500.0,0.0,35423824.5,681500.871056999,427500.0
CLOSED_CNT_CREDIT_PROLONG_SUM,0.0,6.0,0.012744425330155086,0.0,0.0,6.0,0.013000474030889834,0.0,0.0,4.0,0.009828801611278953,0.0
CLOSED_CREDIT_DAY_OVERDUE_MAX,0.0,2234.0,0.3305875963799198,0.0,0.0,2234.0,0.3241805279430597,0.0,0.0,1769.0,0.4035448136958711,0.0
CLOSED_CREDIT_DAY_OVERDUE_MEAN,0.0,1724.0,0.10181761715993458,0.0,0.0,1724.0,0.10001694483553955,0.0,0.0,722.5,0.12232185297079556,0.0
CLOSED_DAYS_CREDIT_ENDDATE_MAX,-41875.0,31198.0,521.9321153664795,-211.0,-41875.0,31198.0,539.2977090865354,-211.0,-2798.0,31197.0,324.1902920443102,-211.0
CLOSED_DAYS_CREDIT_ENDDATE_MEAN,-41875.0,31195.0,-621.838520976758,-781.0,-41875.0,31195.0,-623.5826334538457,-781.0,-17299.2,31195.0,-601.9783315206445,-781.0
CLOSED_DAYS_CREDIT_ENDDATE_MIN,-42060.0,31195.0,-1373.093653152611,-1434.0,-42042.0,31195.0,-1381.0197819457908,-1434.0,-42060.0,31195.0,-1282.8389123867069,-1434.0
CLOSED_DAYS_CREDIT_MAX,-2922.0,0.0,-862.5638473270527,-729.0,-2922.0,0.0,-867.4810776773901,-729.0,-2922.0,-4.0,-806.5713997985902,-729.0
CLOSED_DAYS_CREDIT_MEAN,-2922.0,-10.0,-1379.7362486382426,-1366.56,-2922.0,-10.0,-1387.2654717668615,-1366.56,-2922.0,-10.0,-1294.0010682779455,-1366.56
CLOSED_DAYS_CREDIT_MIN,-2922.0,-10.0,-1907.550166337677,-2002.0,-2922.0,-10.0,-1916.9716253599452,-2002.0,-2922.0,-10.0,-1800.2681168177241,-2002.0
CLOSED_DAYS_CREDIT_UPDATE_MEAN,-41890.0,0.0,-810.7839957464381,-761.5,-41890.0,0.0,-815.681853213151,-761.5,-14520.0,0.0,-755.0121470292044,-761.5
CLOSED_MONTHS_BALANCE_SIZE_SUM,0.0,2363.0,36.13833831424976,0.0,0.0,2363.0,36.750917992656056,0.0,0.0,1250.0,29.162900302114803,0.0
CNT_CHILDREN,0,19,0.4170474168067719,0.0,0,19,0.4129410432924629,0.0,0,11,0.46380664652567977,0.0
CNT_FAM_MEMBERS,1.0,20.0,2.152656687490041,2.0,1.0,20.0,2.150143978038927,2.0,1.0,13.0,2.1812688821752264,2.0
CODE_GENDER,0,1,0.658352492788782,1.0,0,1,0.6660417005681296,1.0,0,1,0.5707955689828802,1.0
DAYS_BIRTH,-25229,-7489,-16037.027270923914,-15750.0,-25229,-7489,-16138.212861094798,-15877.0,-25168,-7678,-14884.82807653575,-14282.0
DAYS_EMPLOYED,-17912.0,0.0,-2251.582211136657,-1648.0,-17912.0,0.0,-2291.695329026963,-1648.0,-16069.0,0.0,-1794.8145820745217,-1458.0
DAYS_EMPLOYED_PERC,0.0,0.73,0.150222401441268,0.12,0.0,0.73,0.15230446225794353,0.12,0.0,0.7,0.1265139979859013,0.11
DAYS_ID_PUBLISH,-7197,0,-2994.2016702058813,-3254.0,-7197,0,-3017.2193489504107,-3295.0,-6207,0,-2732.099617321249,-2797.0
DAYS_LAST_PHONE_CHANGE,-4292.0,0.0,-962.8598763605381,-757.0,-4292.0,0.0,-976.3896215535478,-776.0,-4070.0,0.0,-808.7968177240684,-594.0
DAYS_REGISTRATION,-24672.0,0.0,-4986.131376001196,-4504.0,-24672.0,0.0,-5029.953704303776,-4544.0,-22928.0,0.0,-4487.127009063444,-4056.0
DEF_30_CNT_SOCIAL_CIRCLE,0.0,34.0,0.14293007964046348,0.0,0.0,34.0,0.13864696018848033,0.0,0.0,6.0,0.1917019133937563,0.0
DEF_60_CNT_SOCIAL_CIRCLE,0.0,24.0,0.09970179540628343,0.0,0.0,24.0,0.09633439695488216,0.0,0.0,5.0,0.13804632426988922,0.0
EMERGENCYSTATE_MODE_OHE_No,0,1,0.5184434825873883,1.0,0,1,0.5246920567988057,1.0,0,1,0.4472910372608258,0.0
EMERGENCYSTATE_MODE_OHE_Yes,0,1,0.007570559369380209,0.0,0,1,0.007446530023135538,0.0,0,1,0.008982880161127896,0.0
EXT_SOURCE_2,0.0,0.85,0.5145153768857293,0.57,0.0,0.85,0.5235826476393969,0.57,0.0,0.81,0.4112664652567976,0.44
EXT_SOURCE_3,0.0,0.9,0.5165693138692777,0.54,0.0,0.89,0.5246287347620293,0.54,0.0,0.9,0.4247967774420947,0.48
FLAG_CONT_MOBILE,0,1,0.9981333758255909,1.0,0,1,0.9981286392483426,1.0,0,1,0.9981873111782478,1.0
FLAG_DOCUMENT_10,0,1,2.2763709444012657e-05,0.0,0,1,2.47628076778854e-05,0.0,0,0,0.0,0.0
FLAG_DOCUMENT_11,0,1,0.003912106065878175,0.0,0,1,0.003990349580093533,0.0,0,1,0.0030211480362537764,0.0
FLAG_DOCUMENT_12,0,1,6.503916984003616e-06,0.0,0,1,7.075087907967256e-06,0.0,0,0,0.0,0.0
FLAG_DOCUMENT_13,0,1,0.00352512300532996,0.0,0,1,0.0037285713274987442,0.0,0,1,0.0012084592145015106,0.0
FLAG_DOCUMENT_14,0,1,0.0029365185182776326,0.0,0,1,0.0030882758718277074,0.0,0,1,0.0012084592145015106,0.0
FLAG_DOCUMENT_15,0,1,0.0012097285590246727,0.0,0,1,0.0012770533673880898,0.0,0,1,0.0004431017119838872,0.0
FLAG_DOCUMENT_16,0,1,0.00992822927608152,0.0,0,1,0.010269490098414474,0.0,0,1,0.006042296072507553,0.0
FLAG_DOCUMENT_17,0,1,0.00026666059634414827,0.0,0,1,0.00028300351631869026,0.0,0,1,8.056394763343404e-05,0.0
FLAG_DOCUMENT_18,0,1,0.00812989623000452,0.0,0,1,0.008341528643493395,0.0,0,1,0.005720040281973817,0.0
FLAG_DOCUMENT_19,0,1,0.0005951084040363309,0.0,0,1,0.0006049200161312004,0.0,0,1,0.00048338368580060423,0.0
FLAG_DOCUMENT_2,0,1,4.227546039602351e-05,0.0,0,1,3.183789558585266e-05,0.0,0,1,0.00016112789526686808,0.0
FLAG_DOCUMENT_20,0,1,0.0005073055247522821,0.0,0,1,0.0005058687854196588,0.0,0,1,0.0005236656596173212,0.0
FLAG_DOCUMENT_21,0,1,0.00033495172467618625,0.0,0,1,0.0003148414119045429,0.0,0,1,0.0005639476334340383,0.0
FLAG_DOCUMENT_3,0,1,0.7100326171436748,1.0,0,1,0.7040702980734536,1.0,0,1,0.7779254783484391,1.0
FLAG_DOCUMENT_4,0,1,8.12989623000452e-05,0.0,0,1,8.843859884959071e-05,0.0,0,0,0.0,0.0
FLAG_DOCUMENT_5,0,1,0.015115103070824403,0.0,0,1,0.015126537947233995,0.0,0,1,0.014984894259818731,0.0
FLAG_DOCUMENT_6,0,1,0.08805653204642495,0.0,0,1,0.09045853644731536,0.0,0,1,0.06070493454179255,0.0
FLAG_DOCUMENT_7,0,1,0.00019186555102810668,0.0,0,1,0.0001981024614230832,0.0,0,1,0.00012084592145015106,0.0
FLAG_DOCUMENT_8,0,1,0.08137700930385325,0.0,0,1,0.08202856920497237,0.0,0,1,0.07395770392749244,0.0
FLAG_DOCUMENT_9,0,1,0.0038958462734181663,0.0,0,1,0.003976199404277598,0.0,0,1,0.0029808660624370594,0.0
FLAG_EMAIL,0,1,0.05672066001749554,0.0,0,1,0.05684125625260894,0.0,0,1,0.05534743202416918,0.0
FLAG_EMP_PHONE,0,1,0.8198870269619879,1.0,0,1,0.8146503845310278,1.0,0,1,0.8795166163141994,1.0
FLAG_MOBIL,0,1,0.999996748041508,1.0,0,1,0.999996462456046,1.0,1,1,1.0,1.0
FLAG_OWN_CAR,0,1,0.3401060788860091,0.0,0,1,0.34317360143199777,0.0,0,1,0.30517623363544816,0.0
FLAG_OWN_REALTY,0,1,0.3063312379880783,0.0,0,1,0.3054916832341642,0.0,0,1,0.31589123867069485,0.0
FLAG_PHONE,0,1,0.2810570165882403,0.0,0,1,0.2842275065267686,0.0,0,1,0.2449546827794562,0.0
FLAG_WORK_PHONE,0,1,0.19935806339367884,0.0,0,1,0.195979935050693,0.0,0,1,0.2378247734138973,0.0
FONDKAPREMONT_MODE_OHE_notspecified,0,1,0.018493887944014284,0.0,0,1,0.018600406110045917,0.0,0,1,0.017280966767371602,0.0
FONDKAPREMONT_MODE_OHE_orgspecaccount,0,1,0.01827275476655816,0.0,0,1,0.01872068260448136,0.0,0,1,0.013172205438066466,0.0
FONDKAPREMONT_MODE_OHE_regoperaccount,0,1,0.2400888435060015,0.0,0,1,0.24294790612773365,0.0,0,1,0.20753272910372608,0.0
FONDKAPREMONT_MODE_OHE_regoperspecaccount,0,1,0.03928040662488984,0.0,0,1,0.03992825860861321,0.0,0,1,0.03190332326283988,0.0
HOUR_APPR_PROCESS_START,0,23,12.063393678843083,12.0,0,23,12.086779490735172,12.0,0,23,11.797099697885196,12.0
HOUSETYPE_MODE_OHE_blockofflats,0,1,0.4894197530462721,0.0,0,1,0.4954330307554071,0.0,0,1,0.4209466263846928,0.0
HOUSETYPE_MODE_OHE_specifichousing,0,1,0.0048746857795107104,0.0,0,1,0.004765071706015947,0.0,0,1,0.006122860020140987,0.0
HOUSETYPE_MODE_OHE_terracedhouse,0,1,0.003941373692306191,0.0,0,1,0.0039231362449678436,0.0,0,1,0.004149043303121853,0.0
INCOME_CREDIT_PERC,0.01,208.0,0.39971119356632534,0.31,0.02,26.67,0.3999835150451745,0.31,0.01,208.0,0.39661027190332326,0.31
INCOME_PER_PERSON,2812.5,39000000.0,93105.95960052944,75000.0,2812.5,6750000.0,93303.37867855048,75000.0,5142.86,39000000.0,90857.95074602215,70500.0
INSTAL_AMT_INSTALMENT_MAX,0.0,3771487.84,131127.54590793056,35339.8,0.0,3771487.84,130847.59278012044,35339.8,31.32,2744389.98,134315.3690731118,33933.33
INSTAL_AMT_INSTALMENT_MEAN,0.0,2504589.66,18092.324367998135,12572.69,0.0,2504589.66,18207.01296948515,12572.69,31.32,904451.18,16786.36653333333,11951.95
INSTAL_AMT_INSTALMENT_SUM,0.0,23274726.93,654654.6493323405,328360.09,0.0,23274726.93,659181.5645034702,328360.09,1684.66,11494254.1,603106.7164257806,292814.01
INSTAL_AMT_PAYMENT_MAX,0.22,3771487.84,132904.3962404433,36000.0,0.22,3771487.84,132675.63000820714,36000.0,31.32,2744389.98,135509.35479274928,34444.3
INSTAL_AMT_PAYMENT_MEAN,0.19,2504589.66,18417.306775292927,12225.84,0.19,2504589.66,18574.17062228936,12225.84,31.32,904451.18,16631.099887210472,11404.39
INSTAL_AMT_PAYMENT_MIN,0.0,2504589.66,5049.298371354147,2314.8,0.0,2504589.66,5150.8701287666,2314.8,0.0,904451.18,3892.701894864048,702.99
INSTAL_AMT_PAYMENT_SUM,0.0,25537053.78,660003.7260973573,318610.12,0.0,25537053.78,665897.019466397,318610.12,0.0,12678321.1,592896.8597873112,277020.54
INSTAL_COUNT,1.0,372.0,38.98465075591775,25.0,1.0,372.0,39.21040250175108,25.0,1.0,324.0,36.414018126888216,24.0
INSTAL_DAYS_ENTRY_PAYMENT_MAX,-3071.0,-1.0,-314.27275801851664,-66.0,-3071.0,-1.0,-313.61693351539896,-66.0,-2932.0,-2.0,-321.74062437059416,-66.0
INSTAL_DAYS_ENTRY_PAYMENT_MEAN,-3071.0,-3.0,-915.1058474441231,-807.57,-3071.0,-3.0,-922.4014222695464,-807.57,-2932.0,-8.0,-832.0312177240685,-705.62
INSTAL_DAYS_ENTRY_PAYMENT_SUM,-602499.0,0.0,-40656.894974748546,-21127.0,-602499.0,0.0,-41194.05407843443,-21127.0,-460104.0,0.0,-34540.27021148036,-17461.0
INSTAL_DBD_MAX,0.0,3189.0,37.49560497809806,31.0,0.0,3189.0,37.54547512752846,31.0,0.0,541.0,36.92773413897281,31.0
INSTAL_DBD_MEAN,0.0,295.0,12.154916050691527,10.12,0.0,295.0,12.207248003056437,10.12,0.0,188.53,11.559012688821753,9.75
INSTAL_DBD_SUM,0.0,10529.0,384.2131756350262,266.0,0.0,10529.0,387.842405954394,266.0,0.0,7623.0,342.88717019133935,239.0
INSTAL_DPD_MAX,0.0,2884.0,17.478551707766,1.0,0.0,2884.0,17.337966336731736,1.0,0.0,2548.0,19.07939577039275,2.0
INSTAL_DPD_MEAN,0.0,1885.39,1.012569957757059,0.04,0.0,1885.39,0.9884428439023355,0.04,0.0,414.74,1.2873051359516616,0.11
INSTAL_DPD_SUM,0.0,82957.0,40.48571577232388,1.0,0.0,82957.0,39.81251724552678,1.0,0.0,55161.0,48.15141993957704,3.0
INSTAL_NUM_INSTALMENT_VERSION_NUNIQUE,1.0,53.0,2.2611387708247292,2.0,1.0,53.0,2.2660905186746945,2.0,1.0,40.0,2.2047532729103727,2.0
INSTAL_PAYMENT_DIFF_MAX,-38991.06,2424726.41,6377.0677500024385,0.0,-38991.06,2424726.41,6286.9983748523055,0.0,-2732.62,621387.32,7402.686727089627,0.0
INSTAL_PAYMENT_DIFF_MEAN,-337496.8,146145.9,-345.0868952901886,0.0,-337496.8,146145.9,-387.9039228532415,0.0,-90001.83,36551.56,142.47012326283988,0.0
INSTAL_PAYMENT_DIFF_SUM,-4417384.23,3037735.58,-5985.860973733932,0.0,-4417384.23,3037735.58,-7331.007724404102,0.0,-2526907.82,1475743.23,9331.310175226587,0.0
INSTAL_PAYMENT_DIFF_VAR,0.0,445993643959.22,324599998.1266811,0.0,0.0,445993643959.22,333760665.3307998,0.0,0.0,132767236999.1,220287582.15106428,300967.67
INSTAL_PAYMENT_PERC_MAX,0.51,194250.0,12.988699866994896,1.0,0.51,194250.0,12.796650794886121,1.0,0.99,72680.0,15.17556052366566,1.0
INSTAL_PAYMENT_PERC_MEAN,0.33,8482.45,1.3632039595846597,1.0,0.33,8482.45,1.3510947637274389,1.0,0.5,4697.79,1.501091238670695,1.0
INSTAL_PAYMENT_PERC_SUM,0.0,194505.46,49.73442637078181,24.0,0.0,194505.46,49.83496197140251,24.0,0.0,72702.0,48.58962860020141,23.0
INSTAL_PAYMENT_PERC_VAR,0.0,967504461.56,19650.479104930935,0.0,0.0,967504461.56,19360.558354652934,0.0,0.0,242668313.27,22951.80347673716,0.01
LIVE_CITY_NOT_WORK_CITY,0,1,0.17955688813587983,0.0,0,1,0.17585838504043413,0.0,0,1,0.22167170191339375,0.0
LIVE_REGION_NOT_WORK_REGION,0,1,0.040659237025498604,0.0,0,1,0.040494265641250596,0.0,0,1,0.04253776435045317,0.0
NAME_CONTRACT_TYPE_OHE_Cashloans,0,1,0.9047989151466471,1.0,0,1,0.902112621249319,1.0,0,1,0.9353877139979859,1.0
NAME_CONTRACT_TYPE_OHE_Revolvingloans,0,1,0.09520108485335294,0.0,0,1,0.09788737875068097,0.0,0,1,0.0646122860020141,0.0
NAME_EDUCATION_TYPE_OHE_Academicdegree,0,1,0.0005333211926882965,0.0,0,1,0.0005695445765913641,0.0,0,1,0.00012084592145015106,0.0
NAME_EDUCATION_TYPE_OHE_Highereducation,0,1,0.24344811662823937,0.0,0,1,0.250645601771602,0.0,0,1,0.16149043303121852,0.0
NAME_EDUCATION_TYPE_OHE_Incompletehigher,0,1,0.03341712546381058,0.0,0,1,0.03326706334326204,0.0,0,1,0.03512588116817724,0.0
NAME_EDUCATION_TYPE_OHE_Lowersecondary,0,1,0.0124094736054789,0.0,0,1,0.012024111899590352,0.0,0,1,0.016797583081570998,0.0
NAME_EDUCATION_TYPE_OHE_Secondarysecondaryspecial,0,1,0.7101919631097828,1.0,0,1,0.7034936784089543,1.0,0,1,0.7864652567975831,1.0
NAME_FAMILY_STATUS_OHE_Civilmarriage,0,1,0.09682381214086183,0.0,0,1,0.09485216603816303,0.0,0,1,0.11927492447129909,0.0
NAME_FAMILY_STATUS_OHE_Married,0,1,0.6387789546254231,1.0,0,1,0.6423436936203932,1.0,0,1,0.5981873111782477,1.0
NAME_FAMILY_STATUS_OHE_Separated,0,1,0.06429121938687575,0.0,0,1,0.06420642276480286,0.0,0,1,0.06525679758308157,0.0
NAME_FAMILY_STATUS_OHE_Singlenotmarried,0,1,0.14778200171053016,0.0,0,1,0.14499331404192697,0.0,0,1,0.17953675730110774,0.0
NAME_FAMILY_STATUS_OHE_Unknown,0,1,6.503916984003616e-06,0.0,0,1,7.075087907967256e-06,0.0,0,0,0.0,0.0
NAME_FAMILY_STATUS_OHE_Widow,0,1,0.05231750821932509,0.0,0,1,0.05359732844680595,0.0,0,1,0.03774420946626385,0.0
NAME_HOUSING_TYPE_OHE_Coopapartment,0,1,0.0036486974280260285,0.0,0,1,0.003654282904465088,0.0,0,1,0.0035850956696878147,0.0
NAME_HOUSING_TYPE_OHE_Houseapartment,0,1,0.8873456539200734,1.0,0,1,0.890021296014603,1.0,0,1,0.8568781470292044,1.0
NAME_HOUSING_TYPE_OHE_Municipalapartment,0,1,0.03636339985756422,0.0,0,1,0.03617846201739056,0.0,0,1,0.038469284994964756,0.0
NAME_HOUSING_TYPE_OHE_Officeapartment,0,1,0.008510375373568732,0.0,0,1,0.008649294967489972,0.0,0,1,0.006928499496475327,0.0
NAME_HOUSING_TYPE_OHE_Rentedapartment,0,1,0.015872809399460824,0.0,0,1,0.015140688123049929,0.0,0,1,0.02420946626384693,0.0
NAME_HOUSING_TYPE_OHE_Withparents,0,1,0.04825906402130683,0.0,0,1,0.046355975973001465,0.0,0,1,0.06992950654582075,0.0
NAME_INCOME_TYPE_OHE_Businessman,0,1,3.251958492001808e-05,0.0,0,1,3.537543953983628e-05,0.0,0,0,0.0,0.0
NAME_INCOME_TYPE_OHE_Commercialassociate,0,1,0.2328922593632015,0.0,0,1,0.23438351221513928,0.0,0,1,0.21591137965760324,0.0
NAME_INCOME_TYPE_OHE_Maternityleave,0,1,1.625979246000904e-05,0.0,0,1,1.0612631861950885e-05,0.0,0,1,8.056394763343404e-05,0.0
NAME_INCOME_TYPE_OHE_Pensioner,0,1,0.1800349260342041,0.0,0,1,0.18529655230966244,0.0,0,1,0.12012084592145016,0.0
NAME_INCOME_TYPE_OHE_Stateservant,0,1,0.07057725515191524,0.0,0,1,0.07235692403478113,0.0,0,1,0.05031218529707956,0.0
NAME_INCOME_TYPE_OHE_Student,0,1,5.853525285603255e-05,0.0,0,1,6.367579117170531e-05,0.0,0,0,0.0,0.0
NAME_INCOME_TYPE_OHE_Unemployed,0,1,7.154308682403978e-05,0.0,0,1,4.95256153557708e-05,0.0,0,1,0.00032225579053373615,0.0
NAME_INCOME_TYPE_OHE_Working,0,1,0.5163167017336191,1.0,0,1,0.5078038219624879,1.0,0,1,0.6132527693857,1.0
NAME_TYPE_SUITE_OHE_Children,0,1,0.010624148393369908,0.0,0,1,0.01070460800475446,0.0,0,1,0.009707955689828802,0.0
NAME_TYPE_SUITE_OHE_Family,0,1,0.1305596295368886,0.0,0,1,0.13138084490699797,0.0,0,1,0.1212084592145015,0.0
NAME_TYPE_SUITE_OHE_Groupofpeople,0,1,0.00088128075133249,0.0,0,1,0.0008773109005879398,0.0,0,1,0.0009264853977844914,0.0
NAME_TYPE_SUITE_OHE_Other_A,0,1,0.002816196054073566,0.0,0,1,0.0027946597236470664,0.0,0,1,0.0030614300100704935,0.0
NAME_TYPE_SUITE_OHE_Other_B,0,1,0.0057559665308432005,0.0,0,1,0.0056459201505578704,0.0,0,1,0.007009063444108761,0.0
NAME_TYPE_SUITE_OHE_Spousepartner,0,1,0.03697476805406056,0.0,0,1,0.037055772917978506,0.0,0,1,0.03605236656596173,0.0
NAME_TYPE_SUITE_OHE_Unaccompanied,0,1,0.8081864803077653,1.0,0,1,0.8072180046837082,1.0,0,1,0.8192145015105741,1.0
OBS_30_CNT_SOCIAL_CIRCLE,0.0,348.0,1.417486431203192,0.0,0.0,348.0,1.410768991304717,0.0,0.0,30.0,1.4939778449144008,0.0
OBS_60_CNT_SOCIAL_CIRCLE,0.0,344.0,1.4005892548787506,0.0,0.0,344.0,1.3940081080507425,0.0,0.0,29.0,1.4755287009063445,0.0
OCCUPATION_TYPE_OHE_Accountants,0,1,0.03191146868201374,0.0,0,1,0.0330371229862531,0.0,0,1,0.01909365558912387,0.0
OCCUPATION_TYPE_OHE_Cleaningstaff,0,1,0.015131362863284413,0.0,0,1,0.014878909870455141,0.0,0,1,0.018006042296072507,0.0
OCCUPATION_TYPE_OHE_Cookingstaff,0,1,0.01933614519344275,0.0,0,1,0.01883742155496282,0.0,0,1,0.02501510574018127,0.0
OCCUPATION_TYPE_OHE_Corestaff,0,1,0.08965324366599785,0.0,0,1,0.0913782978753511,0.0,0,1,0.07001007049345417,0.0
OCCUPATION_TYPE_OHE_Drivers,0,1,0.06049618382670963,0.0,0,1,0.058355325064913935,0.0,0,1,0.08487411883182276,0.0
OCCUPATION_TYPE_OHE_HRstaff,0,1,0.0018308526309970179,0.0,0,1,0.0018642856637493721,0.0,0,1,0.0014501510574018127,0.0
OCCUPATION_TYPE_OHE_Highskilltechstaff,0,1,0.03700728763898058,0.0,0,1,0.037777431884591164,0.0,0,1,0.02823766364551863,0.0
OCCUPATION_TYPE_OHE_ITstaff,0,1,0.001710530166792951,0.0,0,1,0.0017404716253599452,0.0,0,1,0.0013695871097683786,0.0
OCCUPATION_TYPE_OHE_Laborers,0,1,0.1794625813396118,0.0,0,1,0.1745707190411841,0.0,0,1,0.23516616314199396,0.0
OCCUPATION_TYPE_OHE_LowskillLaborers,0,1,0.006803097165267782,0.0,0,1,0.006130563672253628,0.0,0,1,0.01446122860020141,0.0
OCCUPATION_TYPE_OHE_Managers,0,1,0.06949760493257064,0.0,0,1,0.07090299346969386,0.0,0,1,0.0534944612286002,0.0
OCCUPATION_TYPE_OHE_Medicinestaff,0,1,0.027761969646219437,0.0,0,1,0.0281765375934796,0.0,0,1,0.023041289023162135,0.0
OCCUPATION_TYPE_OHE_Privateservicestaff,0,1,0.008624193920788795,0.0,0,1,0.008762496374017447,0.0,0,1,0.007049345417925478,0.0
OCCUPATION_TYPE_OHE_Realtyagents,0,1,0.002442220827493358,0.0,0,1,0.0024479804161566705,0.0,0,1,0.002376636455186304,0.0
OCCUPATION_TYPE_OHE_Salesstaff,0,1,0.10439437151024204,0.0,0,1,0.10262415010506505,0.0,0,1,0.12455186304128903,0.0
OCCUPATION_TYPE_OHE_Secretaries,0,1,0.00424380583206236,0.0,0,1,0.004291040816182141,0.0,0,1,0.0037059415911379658,0.0
OCCUPATION_TYPE_OHE_Securitystaff,0,1,0.021856413024744153,0.0,0,1,0.021221726179947786,0.0,0,1,0.02908358509566969,0.0
OCCUPATION_TYPE_OHE_Waitersbarmenstaff,0,1,0.004383640047218437,0.0,0,1,0.00423090256896442,0.0,0,1,0.006122860020140987,0.0
ORGANIZATION_TYPE_OHE_Advertising,0,1,0.0013950901930687757,0.0,0,1,0.0013937923178695495,0.0,0,1,0.0014098690835850957,0.0
ORGANIZATION_TYPE_OHE_Agriculture,0,1,0.007980306139372437,0.0,0,1,0.007771984066902032,0.0,0,1,0.010352467270896275,0.0
ORGANIZATION_TYPE_OHE_Bank,0,1,0.008152659939448532,0.0,0,1,0.008408741978619084,0.0,0,1,0.0052366565961732125,0.0
ORGANIZATION_TYPE_OHE_BusinessEntityType1,0,1,0.019456467657646817,0.0,0,1,0.01944234157109402,0.0,0,1,0.019617321248741187,0.0
ORGANIZATION_TYPE_OHE_BusinessEntityType2,0,1,0.03431791796609508,0.0,0,1,0.034147911787803964,0.0,0,1,0.03625377643504532,0.0
ORGANIZATION_TYPE_OHE_BusinessEntityType3,0,1,0.22110716178818693,0.0,0,1,0.21815679809821636,0.0,0,1,0.2547029204431017,0.0
ORGANIZATION_TYPE_OHE_Cleaning,0,1,0.00084550920792047,0.0,0,1,0.0008171726533702181,0.0,0,1,0.0011681772406847936,0.0
ORGANIZATION_TYPE_OHE_Construction,0,1,0.021856413024744153,0.0,0,1,0.020998860910846816,0.0,0,1,0.03162134944612286,0.0
ORGANIZATION_TYPE_OHE_Culture,0,1,0.0012324922684686852,0.0,0,1,0.0012664407355261389,0.0,0,1,0.0008459214501510574,0.0
ORGANIZATION_TYPE_OHE_Electricity,0,1,0.003089360567401718,0.0,0,1,0.0031378014871834784,0.0,0,1,0.002537764350453172,0.0
ORGANIZATION_TYPE_OHE_Emergency,0,1,0.0018210967555210126,0.0,0,1,0.0018395228560714866,0.0,0,1,0.0016112789526686808,0.0
ORGANIZATION_TYPE_OHE_Government,0,1,0.03383337615078681,0.0,0,1,0.034236350386653555,0.0,0,1,0.029244712990936558,0.0
ORGANIZATION_TYPE_OHE_Hotel,0,1,0.0031413919032737465,0.0,0,1,0.0031979397344012,0.0,0,1,0.002497482376636455,0.0
ORGANIZATION_TYPE_OHE_Housing,0,1,0.009619293219341348,0.0,0,1,0.00963273218669742,0.0,0,1,0.0094662638469285,0.0
ORGANIZATION_TYPE_OHE_Industrytype1,0,1,0.0033787848731898786,0.0,0,1,0.0032686906134808723,0.0,0,1,0.004632426988922457,0.0
ORGANIZATION_TYPE_OHE_Industrytype10,0,1,0.0003544634756281971,0.0,0,1,0.0003608294833063301,0.0,0,1,0.00028197381671701913,0.0
ORGANIZATION_TYPE_OHE_Industrytype11,0,1,0.008793295762372888,0.0,0,1,0.008737733566339561,0.0,0,1,0.009425981873111782,0.0
ORGANIZATION_TYPE_OHE_Industrytype12,0,1,0.0011999726835486672,0.0,0,1,0.001255828103664188,0.0,0,1,0.0005639476334340383,0.0
ORGANIZATION_TYPE_OHE_Industrytype13,0,1,0.00021788121896412115,0.0,0,1,0.00020517754933105045,0.0,0,1,0.00036253776435045317,0.0
ORGANIZATION_TYPE_OHE_Industrytype2,0,1,0.0014893969893368282,0.0,0,1,0.001503456180443042,0.0,0,1,0.0013293051359516616,0.0
ORGANIZATION_TYPE_OHE_Industrytype3,0,1,0.010656667978289925,0.0,0,1,0.010361466241218047,0.0,0,1,0.014018126888217523,0.0
ORGANIZATION_TYPE_OHE_Industrytype4,0,1,0.0028519675974855857,0.0,0,1,0.002787584635739099,0.0,0,1,0.0035850956696878147,0.0
ORGANIZATION_TYPE_OHE_Industrytype5,0,1,0.0019479231367090831,0.0,0,1,0.0019739495263228646,0.0,0,1,0.0016515609264853978,0.0
ORGANIZATION_TYPE_OHE_Industrytype6,0,1,0.0003642193511042025,0.0,0,1,0.00036790457121429733,0.0,0,1,0.00032225579053373615,0.0
ORGANIZATION_TYPE_OHE_Industrytype7,0,1,0.004250309749046363,0.0,0,1,0.004252127832688322,0.0,0,1,0.004229607250755287,0.0
ORGANIZATION_TYPE_OHE_Industrytype8,0,1,7.804700380804339e-05,0.0,0,1,7.428842303365619e-05,0.0,0,1,0.00012084592145015106,0.0
ORGANIZATION_TYPE_OHE_Industrytype9,0,1,0.010952596201062089,0.0,0,1,0.011118500647370544,0.0,0,1,0.00906344410876133,0.0
ORGANIZATION_TYPE_OHE_Insurance,0,1,0.0019414192197250795,0.0,0,1,0.0019916372460927825,0.0,0,1,0.0013695871097683786,0.0
ORGANIZATION_TYPE_OHE_Kindergarten,0,1,0.022370222466480436,0.0,0,1,0.0226225935857253,0.0,0,1,0.019496475327291037,0.0
ORGANIZATION_TYPE_OHE_LegalServices,0,1,0.0009918473400605515,0.0,0,1,0.0009940498510693995,0.0,0,1,0.0009667673716012085,0.0
ORGANIZATION_TYPE_OHE_Medicine,0,1,0.036395919442484236,0.0,0,1,0.036985022038898835,0.0,0,1,0.029687814702920444,0.0
ORGANIZATION_TYPE_OHE_Military,0,1,0.008565658667932763,0.0,0,1,0.008840322341005086,0.0,0,1,0.005438066465256798,0.0
ORGANIZATION_TYPE_OHE_Mobile,0,1,0.001030870841964573,0.0,0,1,0.001018812658747285,0.0,0,1,0.0011681772406847936,0.0
ORGANIZATION_TYPE_OHE_Other,0,1,0.05425242352206616,0.0,0,1,0.054506477242979745,0.0,0,1,0.0513595166163142,0.0
ORGANIZATION_TYPE_OHE_Police,0,1,0.007612834829776233,0.0,0,1,0.007867497753659589,0.0,0,1,0.004712990936555891,0.0
ORGANIZATION_TYPE_OHE_Postal,0,1,0.0070144744672479,0.0,0,1,0.006986649309117666,0.0,0,1,0.0073313192346424975,0.0
ORGANIZATION_TYPE_OHE_Realtor,0,1,0.001287775562832716,0.0,0,1,0.0012522905597102045,0.0,0,1,0.0016918429003021148,0.0
ORGANIZATION_TYPE_OHE_Religion,0,1,0.00027641647182015367,0.0,0,1,0.00028300351631869026,0.0,0,1,0.0002014098690835851,0.0
ORGANIZATION_TYPE_OHE_Restaurant,0,1,0.005889296829015274,0.0,0,1,0.005656532782419821,0.0,0,1,0.008539778449144008,0.0
ORGANIZATION_TYPE_OHE_School,0,1,0.028919666869372078,0.0,0,1,0.029598630262981016,0.0,0,1,0.021188318227593154,0.0
ORGANIZATION_TYPE_OHE_Security,0,1,0.01055910922352987,0.0,0,1,0.010340240977494145,0.0,0,1,0.013051359516616314,0.0
ORGANIZATION_TYPE_OHE_SecurityMinistries,0,1,0.006419366063211569,0.0,0,1,0.006643507545581254,0.0,0,1,0.003867069486404834,0.0
ORGANIZATION_TYPE_OHE_Selfemployed,0,1,0.12491422959477345,0.0,0,1,0.1220594165882511,0.0,0,1,0.15742195367573011,0.0
ORGANIZATION_TYPE_OHE_Services,0,1,0.005121834624902848,0.0,0,1,0.005203727156309917,0.0,0,1,0.00418932527693857,0.0
ORGANIZATION_TYPE_OHE_Telecom,0,1,0.0018763800498850433,0.0,0,1,0.001885510927473274,0.0,0,1,0.0017724068479355488,0.0
ORGANIZATION_TYPE_OHE_Tradetype1,0,1,0.0011316815552166292,0.0,0,1,0.0011214014334128102,0.0,0,1,0.0012487411883182276,0.0
ORGANIZATION_TYPE_OHE_Tradetype2,0,1,0.006178721134803436,0.0,0,1,0.006250840166689071,0.0,0,1,0.0053575025176233635,0.0
ORGANIZATION_TYPE_OHE_Tradetype3,0,1,0.011355839054070314,0.0,0,1,0.01107605011992274,0.0,0,1,0.014541792547834845,0.0
ORGANIZATION_TYPE_OHE_Tradetype4,0,1,0.00020812534348811572,0.0,0,1,0.00021932772514698495,0.0,0,1,8.056394763343404e-05,0.0
ORGANIZATION_TYPE_OHE_Tradetype5,0,1,0.0001593459661080886,0.0,0,1,0.0001627270218832469,0.0,0,1,0.00012084592145015106,0.0
ORGANIZATION_TYPE_OHE_Tradetype6,0,1,0.002051985808453141,0.0,0,1,0.0021296014602981443,0.0,0,1,0.0011681772406847936,0.0
ORGANIZATION_TYPE_OHE_Tradetype7,0,1,0.02546608695086616,0.0,0,1,0.025084724177697908,0.0,0,1,0.029808660624370594,0.0
ORGANIZATION_TYPE_OHE_Transporttype1,0,1,0.0006536436568923634,0.0,0,1,0.0006792084391648567,0.0,0,1,0.00036253776435045317,0.0
ORGANIZATION_TYPE_OHE_Transporttype2,0,1,0.007167316516371985,0.0,0,1,0.007188289314494733,0.0,0,1,0.006928499496475327,0.0
ORGANIZATION_TYPE_OHE_Transporttype3,0,1,0.003860074730006146,0.0,0,1,0.0035375439539836284,0.0,0,1,0.007532729103726083,0.0
ORGANIZATION_TYPE_OHE_Transporttype4,0,1,0.01755407193982576,0.0,0,1,0.017323352742657828,0.0,0,1,0.020181268882175227,0.0
ORGANIZATION_TYPE_OHE_University,0,1,0.004315348918886399,0.0,0,1,0.004464380469927339,0.0,0,1,0.0026183282980866062,0.0
ORGANIZATION_TYPE_OHE_XNA,0,1,0.1800739495361081,0.0,0,1,0.18531070248547837,0.0,0,1,0.12044310171198389,0.0
PAYMENT_RATE,0.02,0.12,0.053842579193319196,0.05,0.02,0.12,0.05375754381248188,0.05,0.02,0.12,0.05481087613293052,0.05
POS_COUNT,1.0,295.0,29.074508872968746,22.0,1.0,295.0,29.310465470033463,22.0,1.0,233.0,26.387673716012085,20.0
POS_MONTHS_BALANCE_MAX,-96.0,-1.0,-12.057881609199141,-4.0,-96.0,-1.0,-12.027578692665257,-4.0,-96.0,-1.0,-12.40294058408862,-4.0
POS_MONTHS_BALANCE_MEAN,-96.0,-1.0,-31.640946580077852,-28.59,-96.0,-1.0,-31.832686729257606,-28.59,-96.0,-1.0,-29.457603625377644,-26.19
POS_MONTHS_BALANCE_SIZE,1.0,295.0,29.074508872968746,22.0,1.0,295.0,29.310465470033463,22.0,1.0,233.0,26.387673716012085,20.0
POS_NAME_CONTRACT_STATUS_OHE_Active_MEAN,0.0,1.0,0.8516401252654413,0.91,0.0,1.0,0.8509886374088199,0.91,0.0,1.0,0.8590586102719033,0.91
POS_NAME_CONTRACT_STATUS_OHE_Amortizeddebt_MEAN,0.0,0.57,1.489396989336828e-05,0.0,0.0,0.57,1.0188126587472851e-05,0.0,0.0,0.41,6.847935548841893e-05,0.0
POS_NAME_CONTRACT_STATUS_OHE_Approved_MEAN,0.0,1.0,0.0005610929182099922,0.0,0.0,1.0,0.000559214948245732,0.0,0.0,0.5,0.0005824773413897281,0.0
POS_NAME_CONTRACT_STATUS_OHE_Canceled_MEAN,0.0,0.33,2.9267626428016276e-06,0.0,0.0,0.33,2.971536921346248e-06,0.0,0.0,0.05,2.4169184290030213e-06,0.0
POS_NAME_CONTRACT_STATUS_OHE_Completed_MEAN,0.0,1.0,0.0780283050467144,0.07,0.0,1.0,0.07795116066817132,0.07,0.0,1.0,0.07890674723061432,0.08
POS_NAME_CONTRACT_STATUS_OHE_Demand_MEAN,0.0,0.79,0.0002696849177417099,0.0,0.0,0.79,0.00024536404864830444,0.0,0.0,0.78,0.00054662638469285,0.0
POS_NAME_CONTRACT_STATUS_OHE_Returnedtothestore_MEAN,0.0,1.0,0.0007556575947864602,0.0,0.0,1.0,0.0007204915771078456,0.0,0.0,1.0,0.0011560926485397786,0.0
POS_NAME_CONTRACT_STATUS_OHE_Signed_MEAN,0.0,1.0,0.009941692384238407,0.0,0.0,1.0,0.00983769748339123,0.0,0.0,1.0,0.01112588116817724,0.0
POS_NAME_CONTRACT_STATUS_OHE_XNA_MEAN,0.0,0.01,6.503916984003616e-08,0.0,0.0,0.01,7.075087907967256e-08,0.0,0.0,0.0,0.0,0.0
POS_NAME_CONTRACT_STATUS_OHE_nan_MEAN,0.0,0.0,0.0,0.0,0.0,0.0,0.0,0.0,0.0,0.0,0.0,0.0
POS_SK_DPD_DEF_MAX,0.0,3373.0,1.3825473891651248,0.0,0.0,3373.0,1.2990250528862821,0.0,0.0,3277.0,2.3336153071500503,0.0
POS_SK_DPD_DEF_MEAN,0.0,1740.55,0.20223721736415753,0.0,0.0,1671.4,0.17850825309004462,0.0,0.0,1740.55,0.47243867069486406,0.0
POS_SK_DPD_MAX,0.0,4231.0,14.775549824882034,0.0,0.0,4231.0,14.556919082219597,0.0,0.0,3592.0,17.265095669687813,0.0
POS_SK_DPD_MEAN,0.0,2622.08,4.147652736360471,0.0,0.0,2622.08,4.051675027062211,0.0,0.0,2115.33,5.240549848942598,0.0
PREV_AMT_ANNUITY_MAX,0.0,418058.14,23403.55291014514,17907.75,0.0,418058.14,23552.740416085922,17907.75,876.06,281027.25,21704.7564326284,17595.0
PREV_AMT_ANNUITY_MEAN,0.0,300425.44,14392.253656469607,11984.25,0.0,300425.44,14487.429633687327,11984.25,876.06,114885.63,13308.48585820745,11623.94
PREV_AMT_ANNUITY_MIN,0.0,300425.44,7746.802758506311,5721.98,0.0,300425.44,7812.184478601397,5721.98,0.0,100931.76,7002.301836052367,5508.27
PREV_AMT_APPLICATION_MAX,0.0,5850000.0,365377.1742361962,202500.0,0.0,5850000.0,366666.75524246326,202500.0,0.0,3982500.0,350692.72960322263,202500.0
PREV_AMT_APPLICATION_MEAN,0.0,4050000.0,151435.8329226001,106000.52,0.0,4050000.0,152320.34817108978,106000.52,0.0,2148750.0,141363.8675863041,103077.0
PREV_AMT_APPLICATION_MIN,0.0,4050000.0,42970.932043042914,18373.5,0.0,4050000.0,43489.26350089499,18373.5,0.0,2025000.0,37068.697474320245,17802.0
PREV_AMT_CREDIT_MAX,0.0,4509688.5,403754.8956938217,225000.0,0.0,4509688.5,404612.04759110947,225000.0,0.0,3524220.0,393994.5165345418,225000.0
PREV_AMT_CREDIT_MEAN,0.0,4050000.0,167253.41008490857,117450.0,0.0,4050000.0,167942.6140315973,117450.0,0.0,2402685.0,159405.45237865055,116516.25
PREV_AMT_CREDIT_MIN,0.0,4050000.0,47359.66124810167,23805.0,0.0,4050000.0,47859.07916733291,23805.0,0.0,2265570.0,41672.79493413897,22405.5
PREV_AMT_DOWN_PAYMENT_MAX,0.0,3060045.0,11038.0739754217,5850.0,0.0,3060045.0,11230.067021953999,5850.0,0.0,2135700.0,8851.851281369585,5400.0
PREV_AMT_DOWN_PAYMENT_MEAN,-0.22,2025000.0,6671.938565951345,3375.0,-0.22,2025000.0,6792.349573796705,3375.0,0.0,1035000.0,5300.81975347432,3237.75
PREV_AMT_DOWN_PAYMENT_MIN,-0.9,2025000.0,3524.9609676202494,0.0,-0.9,2025000.0,3596.8791168521525,0.0,0.0,1035000.0,2706.0297989929504,0.0
PREV_AMT_GOODS_PRICE_MAX,0.0,5850000.0,366053.46986279986,202601.25,0.0,5850000.0,367358.5334791391,202601.25,0.0,3982500.0,351192.72492044314,202601.25
PREV_AMT_GOODS_PRICE_MEAN,0.0,4050000.0,190193.3727170113,128587.5,0.0,4050000.0,190966.57316482835,128587.5,0.0,3150000.0,181388.94778288016,128587.5
PREV_AMT_GOODS_PRICE_MIN,0.0,4050000.0,77501.12155755804,45630.9,0.0,4050000.0,78103.69091208497,45630.9,0.0,3150000.0,70639.67099254784,45000.0
PREV_APP_CREDIT_PERC_MAX,0.0,20.0,1.1097035839834544,1.04,0.0,20.0,1.1122894630715785,1.04,0.0,18.0,1.0802582074521652,1.02
PREV_APP_CREDIT_PERC_MEAN,0.0,5.47,0.968783084612708,0.97,0.0,5.47,0.9704990059501486,0.97,0.0,3.33,0.9492439073514602,0.96
PREV_APP_CREDIT_PERC_MIN,0.0,5.0,0.7972627940176972,0.9,0.0,5.0,0.7985539935333696,0.9,0.0,3.33,0.7825599194360523,0.88
PREV_APP_CREDIT_PERC_VAR,0.0,63.7,0.05661019098752223,0.01,0.0,63.7,0.05723332224902895,0.01,0.0,20.41,0.04951460221550856,0.01
PREV_CHANNEL_TYPE_OHE_APCashloan_MEAN,0.0,1.0,0.028149733176805736,0.0,0.0,1.0,0.026892373762743994,0.0,0.0,1.0,0.042467270896273925,0.0
PREV_CHANNEL_TYPE_OHE_Cardealer_MEAN,0.0,1.0,0.0003190821672352176,0.0,0.0,1.0,0.00033001747546713284,0.0,0.0,1.0,0.0001945619335347432,0.0
PREV_CHANNEL_TYPE_OHE_Channelofcorporatesales_MEAN,0.0,1.0,0.003515432169023793,0.0,0.0,1.0,0.003633871275850602,0.0,0.0,1.0,0.0021667673716012086,0.0
PREV_CHANNEL_TYPE_OHE_Contactcenter_MEAN,0.0,1.0,0.0341694660609352,0.0,0.0,1.0,0.03374601141919189,0.0,0.0,1.0,0.0389913393756294,0.0
PREV_CHANNEL_TYPE_OHE_Countrywide_MEAN,0.0,1.0,0.3498445563840823,0.25,0.0,1.0,0.3495359803595559,0.25,0.0,1.0,0.35335830815709973,0.25
PREV_CHANNEL_TYPE_OHE_Creditandcashoffices_MEAN,0.0,1.0,0.27974088394735735,0.0,0.0,1.0,0.27840973249092626,0.0,0.0,1.0,0.29489869083585096,0.14
PREV_CHANNEL_TYPE_OHE_RegionalLocal_MEAN,0.0,1.0,0.08496769179238195,0.0,0.0,1.0,0.08541856220063535,0.0,0.0,1.0,0.07983363544813696,0.0
PREV_CHANNEL_TYPE_OHE_Stone_MEAN,0.0,1.0,0.16534989447394696,0.0,0.0,1.0,0.16685866096886257,0.0,0.0,1.0,0.14816958710976838,0.0
PREV_CHANNEL_TYPE_OHE_nan_MEAN,0.0,0.0,0.0,0.0,0.0,0.0,0.0,0.0,0.0,0.0,0.0,0.0
PREV_CNT_PAYMENT_MEAN,0.0,72.0,14.391908086645184,12.0,0.0,72.0,14.322800602797484,12.0,0.0,64.0,15.178834239677744,12.0
PREV_CNT_PAYMENT_SUM,0.0,1788.0,59.68317143999974,36.0,0.0,1788.0,59.07068012820059,36.0,0.0,1542.0,66.65760322255791,36.0
PREV_CODE_REJECT_REASON_OHE_CLIENT_MEAN,0.0,1.0,0.014260911133730292,0.0,0.0,1.0,0.014223862856495992,0.0,0.0,1.0,0.014682779456193356,0.0
PREV_CODE_REJECT_REASON_OHE_HC_MEAN,0.0,1.0,0.056393545512785075,0.0,0.0,1.0,0.05426624263306471,0.0,0.0,1.0,0.0806171198388721,0.0
PREV_CODE_REJECT_REASON_OHE_LIMIT_MEAN,0.0,1.0,0.023692566348083137,0.0,0.0,1.0,0.022630163929786833,0.0,0.0,1.0,0.03579013091641491,0.0
PREV_CODE_REJECT_REASON_OHE_SCOFR_MEAN,0.0,1.0,0.005308074287739793,0.0,0.0,1.0,0.004621942677637769,0.0,0.0,0.88,0.013121047331319233,0.0
PREV_CODE_REJECT_REASON_OHE_SCO_MEAN,0.0,1.0,0.015705073380443375,0.0,0.0,1.0,0.015439186081887062,0.0,0.0,1.0,0.018732729103726083,0.0
PREV_CODE_REJECT_REASON_OHE_SYSTEM_MEAN,0.0,1.0,0.0003163180025170159,0.0,0.0,1.0,0.00031781294882588917,0.0,0.0,0.5,0.0002992950654582074,0.0
PREV_CODE_REJECT_REASON_OHE_VERIF_MEAN,0.0,1.0,0.0014142442285866664,0.0,0.0,1.0,0.0014085085007181219,0.0,0.0,0.67,0.0014795568982880164,0.0
PREV_CODE_REJECT_REASON_OHE_XAP_MEAN,0.0,1.0,0.8273584666365317,1.0,0.0,1.0,0.8303439200232063,1.0,0.0,1.0,0.7933631419939577,1.0
PREV_CODE_REJECT_REASON_OHE_XNA_MEAN,0.0,1.0,0.001922297703792109,0.0,0.0,1.0,0.0018952037979071894,0.0,0.0,1.0,0.0022308157099697884,0.0
PREV_CODE_REJECT_REASON_OHE_nan_MEAN,0.0,0.0,0.0,0.0,0.0,0.0,0.0,0.0,0.0,0.0,0.0,0.0
PREV_DAYS_DECISION_MAX,-2922.0,-1.0,-471.09163043442913,-299.0,-2922.0,-1.0,-473.36934435160356,-299.0,-2922.0,-2.0,-445.1553272910373,-286.0
PREV_DAYS_DECISION_MEAN,-2922.0,-2.0,-912.5893543886805,-789.0,-2922.0,-2.0,-920.0744166236267,-789.0,-2922.0,-3.0,-827.3570336354481,-703.0
PREV_DAYS_DECISION_MIN,-2922.0,-2.0,-1537.790209653764,-1502.0,-2922.0,-2.0,-1550.789286194381,-1502.0,-2922.0,-3.0,-1389.769869083585,-1282.0
PREV_FLAG_LAST_APPL_PER_CONTRACT_OHE_N_MEAN,0.0,0.89,0.0028415938498960996,0.0,0.0,0.89,0.0027726562002532876,0.0,0.0,0.71,0.003626586102719033,0.0
PREV_FLAG_LAST_APPL_PER_CONTRACT_OHE_Y_MEAN,0.0,1.0,0.9436506811227061,1.0,0.0,1.0,0.9424873886558042,1.0,0.0,1.0,0.9568970795568983,1.0
PREV_FLAG_LAST_APPL_PER_CONTRACT_OHE_nan_MEAN,0.0,0.0,0.0,0.0,0.0,0.0,0.0,0.0,0.0,0.0,0.0,0.0
PREV_HOUR_APPR_PROCESS_START_MAX,0.0,23.0,14.78072369084281,15.0,0.0,23.0,14.808732073496014,15.0,3.0,23.0,14.461792547834843,15.0
PREV_HOUR_APPR_PROCESS_START_MEAN,0.0,23.0,12.666314262764748,12.75,0.0,23.0,12.694581260922165,12.75,2.33,22.0,12.344438267875125,12.5
PREV_HOUR_APPR_PROCESS_START_MIN,0.0,23.0,10.68931438959113,10.0,0.0,23.0,10.715868007159989,10.0,0.0,22.0,10.386948640483384,10.0
PREV_NAME_CASH_LOAN_PURPOSE_OHE_Buildingahouseoranannex_MEAN,0.0,1.0,0.0011345107591046709,0.0,0.0,1.0,0.0010673477617959403,0.0,0.0,1.0,0.001899295065458207,0.0
PREV_NAME_CASH_LOAN_PURPOSE_OHE_Businessdevelopment_MEAN,0.0,1.0,0.000190629806801146,0.0,0.0,1.0,0.00018695919796803476,0.0,0.0,0.4,0.00023242698892245718,0.0
PREV_NAME_CASH_LOAN_PURPOSE_OHE_Buyingagarage_MEAN,0.0,1.0,5.6258881911631284e-05,0.0,0.0,1.0,5.525643656122428e-05,0.0,0.0,0.5,6.76737160120846e-05,0.0
PREV_NAME_CASH_LOAN_PURPOSE_OHE_Buyingaholidayhomeland_MEAN,0.0,1.0,0.0002355068339907709,0.0,0.0,1.0,0.0002225822655846499,0.0,0.0,1.0,0.0003826787512588117,0.0
PREV_NAME_CASH_LOAN_PURPOSE_OHE_Buyingahome_MEAN,0.0,1.0,0.0003500733316639947,0.0,0.0,1.0,0.00034696231100671434,0.0,0.0,1.0,0.0003854984894259819,0.0
PREV_NAME_CASH_LOAN_PURPOSE_OHE_Buyinganewcar_MEAN,0.0,1.0,0.00040951913289778767,0.0,0.0,1.0,0.00040391676866585074,0.0,0.0,1.0,0.000473313192346425,0.0
PREV_NAME_CASH_LOAN_PURPOSE_OHE_Buyingausedcar_MEAN,0.0,1.0,0.001245727739531133,0.0,0.0,1.0,0.001195512979248767,0.0,0.0,1.0,0.001817522658610272,0.0
PREV_NAME_CASH_LOAN_PURPOSE_OHE_Carrepairs_MEAN,0.0,1.0,0.00043651038838140265,0.0,0.0,1.0,0.00038782094367522524,0.0,0.0,1.0,0.0009909365558912386,0.0
PREV_NAME_CASH_LOAN_PURPOSE_OHE_Education_MEAN,0.0,1.0,0.0007381620580994904,0.0,0.0,1.0,0.0007203854507892261,0.0,0.0,1.0,0.0009405840886203425,0.0
PREV_NAME_CASH_LOAN_PURPOSE_OHE_Everydayexpenses_MEAN,0.0,1.0,0.001201468584454988,0.0,0.0,1.0,0.0011869874983196666,0.0,0.0,1.0,0.0013663645518630413,0.0
PREV_NAME_CASH_LOAN_PURPOSE_OHE_Furniture_MEAN,0.0,1.0,0.0004238277502625956,0.0,0.0,1.0,0.00041817307080040475,0.0,0.0,1.0,0.00048821752265861034,0.0
PREV_NAME_CASH_LOAN_PURPOSE_OHE_Gasificationwatersupply_MEAN,0.0,1.0,0.0001517689028217244,0.0,0.0,1.0,0.00013233951931852753,0.0,0.0,1.0,0.0003730110775427997,0.0
PREV_NAME_CASH_LOAN_PURPOSE_OHE_Hobby_MEAN,0.0,0.5,1.8080889215530056e-05,0.0,0.0,0.5,1.5954323232466163e-05,0.0,0.0,0.2,4.229607250755287e-05,0.0
PREV_NAME_CASH_LOAN_PURPOSE_OHE_Journey_MEAN,0.0,1.0,0.0005994009892457731,0.0,0.0,1.0,0.000590946717512965,0.0,0.0,1.0,0.0006956696878147031,0.0
PREV_NAME_CASH_LOAN_PURPOSE_OHE_Medicine_MEAN,0.0,1.0,0.0010660895524329526,0.0,0.0,1.0,0.0010062897531501831,0.0,0.0,1.0,0.0017470292044310172,0.0
PREV_NAME_CASH_LOAN_PURPOSE_OHE_Moneyforathirdperson_MEAN,0.0,1.0,1.4633813214008137e-05,0.0,0.0,1.0,1.453930565087271e-05,0.0,0.0,0.14,1.570996978851964e-05,0.0
PREV_NAME_CASH_LOAN_PURPOSE_OHE_Other_MEAN,0.0,1.0,0.007134309137678165,0.0,0.0,1.0,0.006826575445199906,0.0,0.0,1.0,0.010638469284994963,0.0
PREV_NAME_CASH_LOAN_PURPOSE_OHE_Paymentsonotherloans_MEAN,0.0,1.0,0.0005669464434955952,0.0,0.0,1.0,0.0005241225122222144,0.0,0.0,0.6,0.0010545820745216515,0.0
PREV_NAME_CASH_LOAN_PURPOSE_OHE_Purchaseofelectronicequipment_MEAN,0.0,1.0,0.0005912385734308487,0.0,0.0,1.0,0.0005747801416432598,0.0,0.0,1.0,0.0007786505538771401,0.0
PREV_NAME_CASH_LOAN_PURPOSE_OHE_Refusaltonamethegoal_MEAN,0.0,1.0,8.747768343484866e-06,0.0,0.0,1.0,8.030224775542837e-06,0.0,0.0,0.33,1.691842900302115e-05,0.0
PREV_NAME_CASH_LOAN_PURPOSE_OHE_Repairs_MEAN,0.0,1.0,0.01087929705665237,0.0,0.0,1.0,0.010410638102178418,0.0,0.0,1.0,0.016215911379657603,0.0
PREV_NAME_CASH_LOAN_PURPOSE_OHE_Urgentneeds_MEAN,0.0,1.0,0.004341299547652574,0.0,0.0,1.0,0.004091629463496085,0.0,0.0,1.0,0.00718429003021148,0.0
PREV_NAME_CASH_LOAN_PURPOSE_OHE_Weddinggiftholiday_MEAN,0.0,1.0,0.0004715339813402621,0.0,0.0,1.0,0.00045124910677015156,0.0,0.0,1.0,0.000702517623363545,0.0
PREV_NAME_CASH_LOAN_PURPOSE_OHE_XAP_MEAN,0.0,1.0,0.6464134800183411,0.67,0.0,1.0,0.6469287750900304,0.67,0.0,1.0,0.6405458207452166,0.67
PREV_NAME_CASH_LOAN_PURPOSE_OHE_XNA_MEAN,0.0,1.0,0.2677153040418593,0.2,0.0,1.0,0.2673969690323402,0.19,0.0,1.0,0.2713401812688822,0.2
PREV_NAME_CASH_LOAN_PURPOSE_OHE_nan_MEAN,0.0,0.0,0.0,0.0,0.0,0.0,0.0,0.0,0.0,0.0,0.0,0.0
PREV_NAME_CLIENT_TYPE_OHE_New_MEAN,0.0,1.0,0.3312237445001252,0.2,0.0,1.0,0.3287390424576026,0.2,0.0,1.0,0.3595170191339375,0.25
PREV_NAME_CLIENT_TYPE_OHE_Refreshed_MEAN,0.0,1.0,0.09474867238794565,0.0,0.0,1.0,0.09622540522565992,0.0,0.0,1.0,0.07793313192346425,0.0
PREV_NAME_CLIENT_TYPE_OHE_Repeater_MEAN,0.0,1.0,0.5193870383438426,0.67,0.0,1.0,0.5191697030585604,0.67,0.0,1.0,0.5218618328298087,0.67
PREV_NAME_CLIENT_TYPE_OHE_XNA_MEAN,0.0,1.0,0.0008901585980156548,0.0,0.0,1.0,0.0008798579322348083,0.0,0.0,1.0,0.0010074521651560928,0.0
PREV_NAME_CLIENT_TYPE_OHE_nan_MEAN,0.0,0.0,0.0,0.0,0.0,0.0,0.0,0.0,0.0,0.0,0.0,0.0
PREV_NAME_CONTRACT_STATUS_OHE_Approved_MEAN,0.0,1.0,0.7088981063845702,0.75,0.0,1.0,0.7126853142400293,0.75,0.0,1.0,0.6657732124874121,0.67
PREV_NAME_CONTRACT_STATUS_OHE_Canceled_MEAN,0.0,1.0,0.11828599023762063,0.0,0.0,1.0,0.11748869754706703,0.0,0.0,1.0,0.12736475327291036,0.0
PREV_NAME_CONTRACT_STATUS_OHE_Refused_MEAN,0.0,1.0,0.10483283307371866,0.0,0.0,1.0,0.10065196935071917,0.0,0.0,1.0,0.1524402819738167,0.0
PREV_NAME_CONTRACT_STATUS_OHE_Unusedoffer_MEAN,0.0,1.0,0.014260911133730292,0.0,0.0,1.0,0.014223862856495992,0.0,0.0,1.0,0.014682779456193356,0.0
PREV_NAME_CONTRACT_STATUS_OHE_nan_MEAN,0.0,0.0,0.0,0.0,0.0,0.0,0.0,0.0,0.0,0.0,0.0,0.0
PREV_NAME_CONTRACT_TYPE_OHE_Cashloans_MEAN,0.0,1.0,0.3000787949542612,0.25,0.0,1.0,0.2983312697660268,0.25,0.0,1.0,0.3199778449144008,0.29
PREV_NAME_CONTRACT_TYPE_OHE_Consumerloans_MEAN,0.0,1.0,0.5531532615517695,0.5,0.0,1.0,0.5556670746634026,0.5,0.0,1.0,0.5245284994964753,0.5
PREV_NAME_CONTRACT_TYPE_OHE_Revolvingloans_MEAN,0.0,1.0,0.0928283908984186,0.0,0.0,1.0,0.0908522297139542,0.0,0.0,1.0,0.11533091641490434,0.0
PREV_NAME_CONTRACT_TYPE_OHE_XNA_MEAN,0.0,0.67,0.00016822381279125358,0.0,0.0,0.67,0.00015105312683510094,0.0,0.0,0.5,0.00036374622356495466,0.0
PREV_NAME_CONTRACT_TYPE_OHE_nan_MEAN,0.0,0.0,0.0,0.0,0.0,0.0,0.0,0.0,0.0,0.0,0.0,0.0
PREV_NAME_GOODS_CATEGORY_OHE_AdditionalService_MEAN,0.0,1.0,9.895709691161501e-05,0.0,0.0,1.0,0.00010372078873079995,0.0,0.0,0.4,4.4712990936555896e-05,0.0
PREV_NAME_GOODS_CATEGORY_OHE_Animals_MEAN,0.0,0.33,1.0731463023605967e-06,0.0,0.0,0.33,1.1673895048145974e-06,0.0,0.0,0.0,0.0,0.0
PREV_NAME_GOODS_CATEGORY_OHE_AudioVideo_MEAN,0.0,1.0,0.07422670053039446,0.0,0.0,1.0,0.07452140567846556,0.0,0.0,1.0,0.07087089627391742,0.0
PREV_NAME_GOODS_CATEGORY_OHE_AutoAccessories_MEAN,0.0,1.0,0.005690342008474606,0.0,0.0,1.0,0.005634281630949265,0.0,0.0,1.0,0.0063287009063444115,0.0
PREV_NAME_GOODS_CATEGORY_OHE_ClothingandAccessories_MEAN,0.0,1.0,0.02018188203845766,0.0,0.0,1.0,0.02083192421165833,0.0,0.0,1.0,0.012779859013091642,0.0
PREV_NAME_GOODS_CATEGORY_OHE_Computers_MEAN,0.0,1.0,0.08056034496775681,0.0,0.0,1.0,0.08070535088898477,0.0,0.0,1.0,0.07890916414904331,0.0
PREV_NAME_GOODS_CATEGORY_OHE_ConstructionMaterials_MEAN,0.0,1.0,0.020600246498453698,0.0,0.0,1.0,0.02089025831145952,0.0,0.0,1.0,0.017297885196374624,0.0
PREV_NAME_GOODS_CATEGORY_OHE_ConsumerElectronics_MEAN,0.0,1.0,0.09196294718494215,0.0,0.0,1.0,0.09300783212231412,0.0,0.0,1.0,0.08006485397784492,0.0
PREV_NAME_GOODS_CATEGORY_OHE_DirectSales_MEAN,0.0,1.0,0.00036717863333192424,0.0,0.0,1.0,0.00036104173594356915,0.0,0.0,1.0,0.0004370594159113797,0.0
PREV_NAME_GOODS_CATEGORY_OHE_Education_MEAN,0.0,1.0,0.00014227318402507914,0.0,0.0,1.0,0.00014903672678133026,0.0,0.0,1.0,6.525679758308157e-05,0.0
PREV_NAME_GOODS_CATEGORY_OHE_Fitness_MEAN,0.0,1.0,0.000262595648229146,0.0,0.0,1.0,0.0002770958179155376,0.0,0.0,1.0,9.748237663645518e-05,0.0
PREV_NAME_GOODS_CATEGORY_OHE_Furniture_MEAN,0.0,1.0,0.04373064678202448,0.0,0.0,1.0,0.04502989224641117,0.0,0.0,1.0,0.028936153071500506,0.0
PREV_NAME_GOODS_CATEGORY_OHE_Gardening_MEAN,0.0,1.0,0.002312727840341846,0.0,0.0,1.0,0.002354978385606441,0.0,0.0,1.0,0.0018316213494461227,0.0
PREV_NAME_GOODS_CATEGORY_OHE_Homewares_MEAN,0.0,1.0,0.004651926622808586,0.0,0.0,1.0,0.004747171733608792,0.0,0.0,1.0,0.00356737160120846,0.0
PREV_NAME_GOODS_CATEGORY_OHE_Insurance_MEAN,0.0,1.0,3.804791435642116e-05,0.0,0.0,1.0,3.449105355134038e-05,0.0,0.0,1.0,7.85498489425982e-05,0.0
PREV_NAME_GOODS_CATEGORY_OHE_Jewelry_MEAN,0.0,1.0,0.004707795269701178,0.0,0.0,1.0,0.0046593698926709155,0.0,0.0,1.0,0.005259214501510574,0.0
PREV_NAME_GOODS_CATEGORY_OHE_MedicalSupplies_MEAN,0.0,1.0,0.00411802007759173,0.0,0.0,1.0,0.004256160632795862,0.0,0.0,1.0,0.0025450151057401812,0.0
PREV_NAME_GOODS_CATEGORY_OHE_Medicine_MEAN,0.0,1.0,0.001710790323472311,0.0,0.0,1.0,0.0017650929312796717,0.0,0.0,1.0,0.0010924471299093657,0.0
PREV_NAME_GOODS_CATEGORY_OHE_Mobile_MEAN,0.0,1.0,0.16467690166402718,0.0,0.0,1.0,0.16303142754048722,0.0,0.0,1.0,0.18341389728096674,0.0
PREV_NAME_GOODS_CATEGORY_OHE_OfficeAppliances_MEAN,0.0,1.0,0.0016143697541844576,0.0,0.0,1.0,0.0016140751798841104,0.0,0.0,1.0,0.0016177240684793557,0.0
PREV_NAME_GOODS_CATEGORY_OHE_Other_MEAN,0.0,1.0,0.001751569882962014,0.0,0.0,1.0,0.0017862474441244936,0.0,0.0,1.0,0.0013566968781470292,0.0
PREV_NAME_GOODS_CATEGORY_OHE_PhotoCinemaEquipment_MEAN,0.0,1.0,0.017565031039943807,0.0,0.0,1.0,0.017655032863783334,0.0,0.0,1.0,0.016540181268882174,0.0
PREV_NAME_GOODS_CATEGORY_OHE_SportandLeisure_MEAN,0.0,1.0,0.002389604139092769,0.0,0.0,1.0,0.0023939621199793406,0.0,0.0,1.0,0.002339979859013092,0.0
PREV_NAME_GOODS_CATEGORY_OHE_Tourism_MEAN,0.0,1.0,0.001519575164142605,0.0,0.0,1.0,0.0015826264141331954,0.0,0.0,1.0,0.0008016112789526686,0.0
PREV_NAME_GOODS_CATEGORY_OHE_Vehicles_MEAN,0.0,1.0,0.0029655585076112092,0.0,0.0,1.0,0.0029170587444549002,0.0,0.0,1.0,0.0035178247734138977,0.0
PREV_NAME_GOODS_CATEGORY_OHE_Weapon_MEAN,0.0,1.0,6.191728968771443e-05,0.0,0.0,1.0,6.339278765538661e-05,0.0,0.0,0.75,4.511581067472307e-05,0.0
PREV_NAME_GOODS_CATEGORY_OHE_XNA_MEAN,0.0,1.0,0.397881251483706,0.4,0.0,1.0,0.39417359435690985,0.4,0.0,1.0,0.4401003021148036,0.5
PREV_NAME_GOODS_CATEGORY_OHE_nan_MEAN,0.0,0.0,0.0,0.0,0.0,0.0,0.0,0.0,0.0,0.0,0.0,0.0
PREV_NAME_PAYMENT_TYPE_OHE_Cashthroughthebank_MEAN,0.0,1.0,0.6451368586731361,0.67,0.0,1.0,0.6472533801232481,0.67,0.0,1.0,0.6210360523665659,0.67
PREV_NAME_PAYMENT_TYPE_OHE_Cashlessfromtheaccountoftheemployer_MEAN,0.0,1.0,0.0006640499240667693,0.0,0.0,1.0,0.0006631126141742312,0.0,0.0,1.0,0.0006747230614300101,0.0
PREV_NAME_PAYMENT_TYPE_OHE_Noncashfromyouraccount_MEAN,0.0,1.0,0.0057693971194151695,0.0,0.0,1.0,0.005757777290382833,0.0,0.0,1.0,0.00590171198388721,0.0
PREV_NAME_PAYMENT_TYPE_OHE_XNA_MEAN,0.0,1.0,0.294904246082203,0.25,0.0,1.0,0.2915678748558451,0.25,0.0,1.0,0.3328954682779456,0.33
PREV_NAME_PAYMENT_TYPE_OHE_nan_MEAN,0.0,0.0,0.0,0.0,0.0,0.0,0.0,0.0,0.0,0.0,0.0,0.0
PREV_NAME_PORTFOLIO_OHE_Cards_MEAN,0.0,1.0,0.07386313157098862,0.0,0.0,1.0,0.07249018331552767,0.0,0.0,1.0,0.08949687814702921,0.0
PREV_NAME_PORTFOLIO_OHE_Cars_MEAN,0.0,1.0,0.0003010663171895275,0.0,0.0,1.0,0.0003104194819620634,0.0,0.0,1.0,0.0001945619335347432,0.0
PREV_NAME_PORTFOLIO_OHE_Cash_MEAN,0.0,1.0,0.19603547236323074,0.0,0.0,1.0,0.19534176212139434,0.0,0.0,1.0,0.20393474320241692,0.09
PREV_NAME_PORTFOLIO_OHE_POS_MEAN,0.0,1.0,0.5334366697343476,0.5,0.0,1.0,0.536126318619509,0.5,0.0,1.0,0.502809667673716,0.5
PREV_NAME_PORTFOLIO_OHE_XNA_MEAN,0.0,1.0,0.1422737693776077,0.0,0.0,1.0,0.14041955271294246,0.0,0.0,1.0,0.1633877139979859,0.0
PREV_NAME_PORTFOLIO_OHE_nan_MEAN,0.0,0.0,0.0,0.0,0.0,0.0,0.0,0.0,0.0,0.0,0.0,0.0
PREV_NAME_PRODUCT_TYPE_OHE_XNA_MEAN,0.0,1.0,0.6763471400651041,0.71,0.0,1.0,0.6771859191600458,0.71,0.0,1.0,0.6667959718026183,0.67
PREV_NAME_PRODUCT_TYPE_OHE_nan_MEAN,0.0,0.0,0.0,0.0,0.0,0.0,0.0,0.0,0.0,0.0,0.0,0.0
PREV_NAME_PRODUCT_TYPE_OHE_walkin_MEAN,0.0,1.0,0.07612242973330689,0.0,0.0,1.0,0.07305166229190396,0.0,0.0,1.0,0.11108922457200404,0.0
PREV_NAME_PRODUCT_TYPE_OHE_xsell_MEAN,0.0,1.0,0.19387370043608765,0.0,0.0,1.0,0.19487618596161058,0.0,0.0,1.0,0.18245840886203427,0.0
PREV_NAME_SELLER_INDUSTRY_OHE_Autotechnology_MEAN,0.0,1.0,0.004319869141190281,0.0,0.0,1.0,0.004230265811052704,0.0,0.0,1.0,0.005340181268882175,0.0
PREV_NAME_SELLER_INDUSTRY_OHE_Clothing_MEAN,0.0,1.0,0.020277944892311394,0.0,0.0,1.0,0.02091781577886105,0.0,0.0,1.0,0.012991742195367575,0.0
PREV_NAME_SELLER_INDUSTRY_OHE_Connectivity_MEAN,0.0,1.0,0.19771358050385848,0.0,0.0,1.0,0.1950155651933975,0.0,0.0,1.0,0.22843585095669688,0.0
PREV_NAME_SELLER_INDUSTRY_OHE_Construction_MEAN,0.0,1.0,0.02478694793939651,0.0,0.0,1.0,0.025286222681316816,0.0,0.0,1.0,0.01910171198388721,0.0
PREV_NAME_SELLER_INDUSTRY_OHE_Consumerelectronics_MEAN,0.0,1.0,0.2857225689171303,0.17,0.0,1.0,0.2874826483469056,0.17,0.0,1.0,0.2656805639476334,0.14
PREV_NAME_SELLER_INDUSTRY_OHE_Furniture_MEAN,0.0,1.0,0.04681106446357318,0.0,0.0,1.0,0.04808937251045345,0.0,0.0,1.0,0.03225498489425982,0.0
PREV_NAME_SELLER_INDUSTRY_OHE_Industry_MEAN,0.0,1.0,0.016466291824251158,0.0,0.0,1.0,0.016698445603186625,0.0,0.0,1.0,0.013822759315206446,0.0
PREV_NAME_SELLER_INDUSTRY_OHE_Jewelry_MEAN,0.0,1.0,0.0020661968670631884,0.0,0.0,1.0,0.002043851394853581,0.0,0.0,1.0,0.0023206445115810676,0.0
PREV_NAME_SELLER_INDUSTRY_OHE_MLMpartners_MEAN,0.0,1.0,0.0009039469020217429,0.0,0.0,1.0,0.000932001330116527,0.0,0.0,1.0,0.0005844914400805639,0.0
PREV_NAME_SELLER_INDUSTRY_OHE_Tourism_MEAN,0.0,1.0,0.0004101370050112681,0.0,0.0,1.0,0.000430448348320728,0.0,0.0,1.0,0.00017885196374622359,0.0
PREV_NAME_SELLER_INDUSTRY_OHE_XNA_MEAN,0.0,1.0,0.3466191013537903,0.33,0.0,1.0,0.3437334531381553,0.33,0.0,1.0,0.3794779456193354,0.33
PREV_NAME_SELLER_INDUSTRY_OHE_nan_MEAN,0.0,0.0,0.0,0.0,0.0,0.0,0.0,0.0,0.0,0.0,0.0,0.0
PREV_NAME_TYPE_SUITE_OHE_Children_MEAN,0.0,1.0,0.020239506742935925,0.0,0.0,1.0,0.02067181497230103,0.0,0.0,1.0,0.01531681772406848,0.0
PREV_NAME_TYPE_SUITE_OHE_Family_MEAN,0.0,1.0,0.13881521396260899,0.0,0.0,1.0,0.1402040809107053,0.0,0.0,1.0,0.12300020140986907,0.0
PREV_NAME_TYPE_SUITE_OHE_Groupofpeople_MEAN,0.0,1.0,0.0014877059709209872,0.0,0.0,1.0,0.0014774906078208023,0.0,0.0,1.0,0.0016040281973816717,0.0
PREV_NAME_TYPE_SUITE_OHE_Other_A_MEAN,0.0,1.0,0.006238622210226108,0.0,0.0,1.0,0.006146694872683792,0.0,0.0,1.0,0.00728539778449144,0.0
PREV_NAME_TYPE_SUITE_OHE_Other_B_MEAN,0.0,1.0,0.011878331224980243,0.0,0.0,1.0,0.01180680057449714,0.0,0.0,1.0,0.012692849949647533,0.0
PREV_NAME_TYPE_SUITE_OHE_Spousepartner_MEAN,0.0,1.0,0.044477849284731724,0.0,0.0,1.0,0.044640939288670654,0.0,0.0,1.0,0.042620745216515606,0.0
PREV_NAME_TYPE_SUITE_OHE_Unaccompanied_MEAN,0.0,1.0,0.26914684868962335,0.2,0.0,1.0,0.26976227704629224,0.2,0.0,1.0,0.2621389728096677,0.2
PREV_NAME_TYPE_SUITE_OHE_nan_MEAN,0.0,1.0,0.4537496382196178,0.5,0.0,1.0,0.45008709433214694,0.5,0.0,1.0,0.4954549848942599,0.5
PREV_NAME_YIELD_GROUP_OHE_XNA_MEAN,0.0,1.0,0.2163593674290342,0.17,0.0,1.0,0.21312474794999334,0.14,0.0,1.0,0.25319194360523667,0.22
PREV_NAME_YIELD_GROUP_OHE_high_MEAN,0.0,1.0,0.22489888035069125,0.11,0.0,1.0,0.22149981251017048,0.11,0.0,1.0,0.26360402819738166,0.17
PREV_NAME_YIELD_GROUP_OHE_low_action_MEAN,0.0,1.0,0.0647609322714605,0.0,0.0,1.0,0.06620134992677285,0.0,0.0,1.0,0.04835891238670694,0.0
PREV_NAME_YIELD_GROUP_OHE_low_normal_MEAN,0.0,1.0,0.19860025950628768,0.07,0.0,1.0,0.20154190928322285,0.08,0.0,1.0,0.1651037260825781,0.0
PREV_NAME_YIELD_GROUP_OHE_middle_MEAN,0.0,1.0,0.24108225178613824,0.17,0.0,1.0,0.2420968438032843,0.17,0.0,1.0,0.2295291037260826,0.14
PREV_NAME_YIELD_GROUP_OHE_nan_MEAN,0.0,0.0,0.0,0.0,0.0,0.0,0.0,0.0,0.0,0.0,0.0,0.0
PREV_PRODUCT_COMBINATION_OHE_CardStreet_MEAN,0.0,1.0,0.056024805939377004,0.0,0.0,1.0,0.054362817583008455,0.0,0.0,1.0,0.0749498489425982,0.0
PREV_PRODUCT_COMBINATION_OHE_CardXSell_MEAN,0.0,1.0,0.03672218843798679,0.0,0.0,1.0,0.03641109090780454,0.0,0.0,1.0,0.04026465256797583,0.0
PREV_PRODUCT_COMBINATION_OHE_CashStreethigh_MEAN,0.0,1.0,0.030452965298350933,0.0,0.0,1.0,0.0293997849173276,0.0,0.0,1.0,0.04244551863041288,0.0
PREV_PRODUCT_COMBINATION_OHE_CashStreetlow_MEAN,0.0,1.0,0.013328184399054328,0.0,0.0,1.0,0.013256450711400086,0.0,0.0,1.0,0.014145015105740183,0.0
PREV_PRODUCT_COMBINATION_OHE_CashStreetmiddle_MEAN,0.0,1.0,0.01659828881944151,0.0,0.0,1.0,0.016132014065274758,0.0,0.0,1.0,0.021907754279959724,0.0
PREV_PRODUCT_COMBINATION_OHE_CashXSellhigh_MEAN,0.0,1.0,0.026097454692088316,0.0,0.0,1.0,0.025305007039712467,0.0,0.0,1.0,0.03512104733131924,0.0
PREV_PRODUCT_COMBINATION_OHE_CashXSelllow_MEAN,0.0,1.0,0.050171475771283267,0.0,0.0,1.0,0.051352155425531155,0.0,0.0,1.0,0.03672708962739174,0.0
PREV_PRODUCT_COMBINATION_OHE_CashXSellmiddle_MEAN,0.0,1.0,0.05908379321446342,0.0,0.0,1.0,0.05959371307688496,0.0,0.0,1.0,0.0532773413897281,0.0
PREV_PRODUCT_COMBINATION_OHE_Cash_MEAN,0.0,1.0,0.10379246651295743,0.0,0.0,1.0,0.10274067680290927,0.0,0.0,1.0,0.11576918429003022,0.0
PREV_PRODUCT_COMBINATION_OHE_POShouseholdwithinterest_MEAN,0.0,1.0,0.19561281531802527,0.0,0.0,1.0,0.19630528296814087,0.0,0.0,1.0,0.187727693856999,0.0
PREV_PRODUCT_COMBINATION_OHE_POShouseholdwithoutinterest_MEAN,0.0,1.0,0.0625499582123334,0.0,0.0,1.0,0.06362110074217672,0.0,0.0,1.0,0.05035287009063444,0.0
PREV_PRODUCT_COMBINATION_OHE_POSindustrywithinterest_MEAN,0.0,1.0,0.08185732357312192,0.0,0.0,1.0,0.08381669154739248,0.0,0.0,1.0,0.059546022155085594,0.0
PREV_PRODUCT_COMBINATION_OHE_POSindustrywithoutinterest_MEAN,0.0,1.0,0.010779364372193156,0.0,0.0,1.0,0.011268138756624052,0.0,0.0,1.0,0.005213695871097684,0.0
PREV_PRODUCT_COMBINATION_OHE_POSmobilewithinterest_MEAN,0.0,1.0,0.15951471023423855,0.0,0.0,1.0,0.1576394322949463,0.0,0.0,1.0,0.18086847935548844,0.0
PREV_PRODUCT_COMBINATION_OHE_POSmobilewithoutinterest_MEAN,0.0,1.0,0.019977951721424227,0.0,0.0,1.0,0.0200311657622346,0.0,0.0,1.0,0.01937200402819738,0.0
PREV_PRODUCT_COMBINATION_OHE_POSotherwithinterest_MEAN,0.0,1.0,0.020026080707105855,0.0,0.0,1.0,0.02012314190503817,0.0,0.0,1.0,0.01892084592145015,0.0
PREV_PRODUCT_COMBINATION_OHE_POSotherswithoutinterest_MEAN,0.0,1.0,0.0022948420686358367,0.0,0.0,1.0,0.002315287142442744,0.0,0.0,1.0,0.0020620342396777446,0.0
PREV_PRODUCT_COMBINATION_OHE_nan_MEAN,0.0,0.67,0.00016822381279125358,0.0,0.0,0.67,0.00015105312683510094,0.0,0.0,0.5,0.00036374622356495466,0.0
PREV_RATE_DOWN_PAYMENT_MAX,0.0,1.0,0.12602311492096116,0.11,0.0,1.0,0.12741525813458235,0.11,0.0,0.88,0.11017079556898289,0.1
PREV_RATE_DOWN_PAYMENT_MEAN,0.0,0.99,0.08047885088794728,0.07,0.0,0.99,0.08127560297436695,0.07,0.0,0.77,0.07140624370594159,0.07
PREV_RATE_DOWN_PAYMENT_MIN,0.0,0.99,0.041842787318662665,0.0,0.0,0.99,0.04218733417762715,0.0,0.0,0.77,0.03791943605236657,0.0
PREV_WEEKDAY_APPR_PROCESS_START_OHE_FRIDAY_MEAN,0.0,1.0,0.13924434240521352,0.0,0.0,1.0,0.13874116498397493,0.0,0.0,1.0,0.14497401812688823,0.0
PREV_WEEKDAY_APPR_PROCESS_START_OHE_MONDAY_MEAN,0.0,1.0,0.13759117678621954,0.0,0.0,1.0,0.1370270480610722,0.0,0.0,1.0,0.14401490433031217,0.0
PREV_WEEKDAY_APPR_PROCESS_START_OHE_SATURDAY_MEAN,0.0,1.0,0.14565879801110213,0.0,0.0,1.0,0.14606748926355415,0.0,0.0,1.0,0.14100503524672708,0.0
PREV_WEEKDAY_APPR_PROCESS_START_OHE_SUNDAY_MEAN,0.0,1.0,0.1071460487078343,0.0,0.0,1.0,0.10762361947347195,0.0,0.0,1.0,0.10170795568982881,0.0
PREV_WEEKDAY_APPR_PROCESS_START_OHE_THURSDAY_MEAN,0.0,1.0,0.1372185673822059,0.0,0.0,1.0,0.13682268414685053,0.0,0.0,1.0,0.14172648539778449,0.0
PREV_WEEKDAY_APPR_PROCESS_START_OHE_TUESDAY_MEAN,0.0,1.0,0.13897673874090669,0.0,0.0,1.0,0.13877119873214427,0.0,0.0,1.0,0.1413172205438067,0.0
PREV_WEEKDAY_APPR_PROCESS_START_OHE_WEDNESDAY_MEAN,0.0,1.0,0.13956664401135588,0.0,0.0,1.0,0.1391136329868899,0.0,0.0,1.0,0.14472507552870092,0.0
PREV_WEEKDAY_APPR_PROCESS_START_OHE_nan_MEAN,0.0,0.0,0.0,0.0,0.0,0.0,0.0,0.0,0.0,0.0,0.0,0.0
REGION_POPULATION_RELATIVE,0.0,0.07,0.02167293752662541,0.02,0.0,0.07,0.021824452918827522,0.02,0.0,0.07,0.01994763343403827,0.02
REGION_RATING_CLIENT,1,3,2.052460594392973,2.0,1,3,2.04357546642517,2.0,1,3,2.1536354481369586,2.0
REGION_RATING_CLIENT_W_CITY,1,3,2.0315179817044817,2.0,1,3,2.022445716388026,2.0,1,3,2.1348237663645517,2.0
REG_CITY_NOT_LIVE_CITY,0,1,0.07817383018923146,0.0,0,1,0.07464217742905456,0.0,0,1,0.11838872104733132,0.0
REG_CITY_NOT_WORK_CITY,0,1,0.23045654245269212,0.0,0,1,0.2240927968530009,0.0,0,1,0.302920443101712,0.0
REG_REGION_NOT_LIVE_REGION,0,1,0.01514437069725242,0.0,0,1,0.014942585661626845,0.0,0,1,0.01744209466263847,0.0
REG_REGION_NOT_WORK_REGION,0,1,0.05076957597713223,0.0,0,1,0.050318025201463126,0.0,0,1,0.055911379657603226,0.0
WALLSMATERIAL_MODE_OHE_Block,0,1,0.03009037192649273,0.0,0,1,0.030433490636121153,0.0,0,1,0.026183282980866064,0.0
WALLSMATERIAL_MODE_OHE_Mixed,0,1,0.0074664966976361515,0.0,0,1,0.007510205814307243,0.0,0,1,0.006968781470292044,0.0
WALLSMATERIAL_MODE_OHE_Monolithic,0,1,0.005785234157271216,0.0,0,1,0.00599613700200225,0.0,0,1,0.0033836858006042296,0.0
WALLSMATERIAL_MODE_OHE_Others,0,1,0.005284432549502938,0.0,0,1,0.005270940491435606,0.0,0,1,0.005438066465256798,0.0
WALLSMATERIAL_MODE_OHE_Panel,0,1,0.2147560868533074,0.0,0,1,0.21878648092202546,0.0,0,1,0.16886203423967774,0.0
WALLSMATERIAL_MODE_OHE_Stonebrick,0,1,0.21076918574211317,0.0,0,1,0.2122986253104195,0.0,0,1,0.1933534743202417,0.0
WALLSMATERIAL_MODE_OHE_Wooden,0,1,0.017437001434113693,0.0,0,1,0.01712878782518873,0.0,0,1,0.02094662638469285,0.0
WEEKDAY_APPR_PROCESS_START_OHE_FRIDAY,0,1,0.163690582653403,0.0,0,1,0.16355834471243305,0.0,0,1,0.1651963746223565,0.0
WEEKDAY_APPR_PROCESS_START_OHE_MONDAY,0,1,0.1649198229633797,0.0,0,1,0.16548630616735413,0.0,0,1,0.15846928499496477,0.0
WEEKDAY_APPR_PROCESS_START_OHE_SATURDAY,0,1,0.11008529887124521,0.0,0,1,0.1103076955731175,0.0,0,1,0.10755287009063444,0.0
WEEKDAY_APPR_PROCESS_START_OHE_SUNDAY,0,1,0.052619940359081255,0.0,0,1,0.0527023298264481,0.0,0,1,0.05168177240684794,0.0
WEEKDAY_APPR_PROCESS_START_OHE_THURSDAY,0,1,0.16451658011037146,0.0,0,1,0.16446749350860684,0.0,0,1,0.16507552870090633,0.0
WEEKDAY_APPR_PROCESS_START_OHE_TUESDAY,0,1,0.17528056271889744,0.0,0,1,0.17475113378283724,0.0,0,1,0.1813091641490433,0.0
WEEKDAY_APPR_PROCESS_START_OHE_WEDNESDAY,0,1,0.1688872123236219,0.0,0,1,0.16872669642920313,0.0,0,1,0.17071500503524673,0.0
